fullVisitorID,visitId,date,bounces,hits,newVisits,pageviews,sessionQualityDim,totalTransactionRevenue,transactionRevenue,transactions,visits
7194065619159478122,1470117657,20160801,,3,1,3,,,,,1
8159312408158297118,1470083489,20160801,,3,,3,,,,,1
9236304747882138291,1470052694,20160801,,4,1,3,,,,,1
1792676004815023069,1470061879,20160801,,4,1,4,,,,,1
7305625498291809599,1470090830,20160801,,4,1,2,,,,,1
5378233269828404918,1470077855,20160801,,4,1,3,,,,,1
5270776363703942229,1470084135,20160801,,4,1,4,,,,,1
8470886127234408497,1470074645,20160801,,5,1,4,,,,,1
8861555771453791094,1470091947,20160801,,5,1,5,,,,,1
8295804655007281109,1470077612,20160801,,5,1,4,,,,,1
0018526595751613673,1470051070,20160801,,5,1,4,,,,,1
625481915509878217,1470084347,20160801,,5,1,5,,,,,1
1374370622285576102,1470043385,20160801,,5,1,5,,,,,1
0092183247509236158,1470078508,20160801,,5,1,5,,,,,1
9333094893297665795,1470119236,20160801,,5,1,5,,,,,1
1621472397271519979,1470048837,20160801,,5,1,5,,,,,1
0831372147340640012,1470046098,20160801,,6,1,4,,,,,1
9144533028617712380,1470075806,20160801,,6,1,6,,,,,1
5345363805648300707,1470090979,20160801,,7,1,7,,,,,1
8602954012826759505,1470079701,20160801,,8,1,2,,,,,1
2365782199498528299,1470063441,20160801,,9,1,9,,,,,1
5636536798768846801,1470118373,20160801,,10,1,7,,,,,1
8159312408158297118,1470108789,20160801,,15,,10,,,,,1
4993485206334150199,1470106850,20160801,,16,1,13,,23990000,16990000,1,1
0333020190932309428,1470088506,20160801,,22,1,20,,,,,1
4853490478802253419,1470109544,20160801,1,1,1,1,,,,,1
5140493641776291415,1470079602,20160801,1,1,1,1,,,,,1
1133489829802371861,1470079349,20160801,,2,1,2,,,,,1
1730677701874729626,1470073888,20160801,,2,1,2,,,,,1
3662205194729528989,1470065253,20160801,,4,,3,,,,,1
6870422387229180122,1470082876,20160801,,4,1,4,,,,,1
0794931300984810764,1470088659,20160801,,10,,7,,,,,1
5160807529212499245,1470057647,20160801,,10,1,9,,,,,1
0047614564270023403,1470088400,20160801,,11,1,11,,,,,1
6137206948447331806,1470083399,20160801,,20,,14,,,,,1
5106315619134282281,1470073704,20160801,1,1,,1,,,,,1
1099720071861739539,1470087689,20160801,1,1,,1,,,,,1
3787134985295919795,1470067433,20160801,1,1,,1,,,,,1
1343892784443318387,1470114994,20160801,1,1,,1,,,,,1
825509565309716229,1470057334,20160801,1,1,,1,,,,,1
0486562139346467089,1470069216,20160801,1,1,1,1,,,,,1
8743175383102521583,1470077022,20160801,1,1,1,1,,,,,1
999700442444678323,1470087885,20160801,1,1,,1,,,,,1
9035306047185052141,1470060574,20160801,1,1,,1,,,,,1
8698531054438587635,1470082122,20160801,1,1,,1,,,,,1
0640111497078551143,1470095752,20160801,1,1,1,1,,,,,1
4530126874298409636,1470104161,20160801,1,1,,1,,,,,1
0344452283390306758,1470069185,20160801,1,1,1,1,,,,,1
0382398254804709368,1470114938,20160801,1,1,,1,,,,,1
8568474718223370752,1470059910,20160801,,2,,2,,,,,1
558025075151655343,1470115503,20160801,,2,1,2,,,,,1
5392755432370247158,1470079591,20160801,,2,1,2,,,,,1
3751823672052015547,1470083759,20160801,,2,,2,,,,,1
9017498520228491211,1470096425,20160801,,2,,2,,,,,1
8846289716943240767,1470082536,20160801,,2,1,2,,,,,1
6787410765100329612,1470104318,20160801,,2,1,2,,,,,1
3744175328919003297,1470106099,20160801,,2,1,2,,,,,1
6219287332213749748,1470041378,20160801,,2,,2,,,,,1
0721240306323694297,1470104649,20160801,,2,,2,,,,,1
3731478369788901995,1470077743,20160801,,2,1,2,,,,,1
0823708422231226277,1470066291,20160801,,2,1,2,,,,,1
8436426603099391262,1470069046,20160801,,2,,2,,,,,1
5221215576603815484,1470113462,20160801,,2,,2,,,,,1
6981691734539296402,1470092162,20160801,,2,,2,,,,,1
121295653097861536,1470095488,20160801,,2,1,2,,,,,1
3787134985295919795,1470065280,20160801,,2,1,2,,,,,1
6062692528026913835,1470093247,20160801,,2,,2,,,,,1
5820481070166950233,1470083497,20160801,,2,1,2,,,,,1
6202551162320501793,1470036980,20160801,,2,1,2,,,,,1
6359841587657357338,1470067810,20160801,,2,1,2,,,,,1
7545615511078513943,1470099265,20160801,,2,1,2,,,,,1
5882258963347216049,1470037302,20160801,,2,1,2,,,,,1
1188397610560498241,1470099835,20160801,,2,1,2,,,,,1
7009176709240157276,1470105780,20160801,,2,,2,,,,,1
2869886758561013518,1470081336,20160801,,2,1,2,,,,,1
584186909754430703,1470111953,20160801,,2,1,2,,,,,1
5622119904627470425,1470071464,20160801,,2,1,2,,,,,1
0824839726118485274,1470072711,20160801,,2,,2,,,,,1
8675769146751606586,1470049669,20160801,,2,,2,,,,,1
4904969714374913266,1470045942,20160801,,2,1,2,,,,,1
3970991392089882251,1470083557,20160801,,2,1,2,,,,,1
9872679951861022740,1470101274,20160801,,2,1,2,,,,,1
3463054183716306407,1470072351,20160801,,2,,2,,,,,1
7275493482741180809,1470088168,20160801,,2,,2,,,,,1
6637957997898535918,1470053833,20160801,,2,,2,,,,,1
6362237262934311328,1470092449,20160801,,2,,2,,,,,1
9065074234812691512,1470102273,20160801,,3,1,3,,,,,1
9878962654812700271,1470089451,20160801,,3,1,2,,,,,1
5231073281895209426,1470071358,20160801,,3,,3,,,,,1
6842770750697615080,1470044455,20160801,,3,1,3,,,,,1
9190094819702613002,1470098867,20160801,,3,,3,,,,,1
8952006223234542590,1470044563,20160801,,3,1,3,,,,,1
7428592908976647992,1470081283,20160801,,3,1,3,,,,,1
7157626079567895669,1470066201,20160801,,3,,3,,,,,1
358293611905184240,1470043750,20160801,,3,1,3,,,,,1
8825722961059493275,1470078818,20160801,,3,1,3,,,,,1
5193965013430455128,1470092460,20160801,,3,,3,,,,,1
0793874482369095202,1470062355,20160801,,3,1,3,,,,,1
1817256435818850257,1470089794,20160801,,3,,3,,,,,1
4005605575873365444,1470074146,20160801,,3,,3,,,,,1
2509714289037323244,1470064486,20160801,,3,,3,,,,,1
4642712737855870554,1470063363,20160801,,3,,3,,,,,1
3843819088097691729,1470111338,20160801,,3,1,2,,,,,1
9993178476401172532,1470107269,20160801,,3,1,2,,,,,1
1060857658642961259,1470101806,20160801,,3,1,3,,,,,1
1439150231069374974,1470118704,20160801,,3,,3,,,,,1
674626656635666685,1470049093,20160801,,3,1,3,,,,,1
1368220609907191551,1470075752,20160801,,3,1,3,,,,,1
9682363348505503136,1470118867,20160801,,3,1,3,,,,,1
4890176689513443468,1470114566,20160801,,3,,3,,,,,1
8821893673728116223,1470077442,20160801,,3,,3,,,,,1
2519501167659119738,1470112019,20160801,,3,1,2,,,,,1
9849723138964482903,1470036877,20160801,,3,1,3,,,,,1
3393266984599791046,1470100070,20160801,,3,1,3,,,,,1
6370895626479501172,1470107044,20160801,,3,,3,,,,,1
4259087156506051404,1470082063,20160801,,3,1,3,,,,,1
7688525234045688740,1470107194,20160801,,3,1,3,,,,,1
494121189234839790,1470063181,20160801,,3,1,3,,,,,1
4652287826732444235,1470081292,20160801,,3,,3,,,,,1
0127234764050343351,1470051098,20160801,,3,1,3,,,,,1
5166572114676000975,1470089122,20160801,,3,,3,,,,,1
80533986466271934,1470079574,20160801,,3,,3,,,,,1
2158742461682231369,1470104350,20160801,,3,1,2,,,,,1
8553346870455443503,1470041675,20160801,,3,1,2,,,,,1
834799491548640007,1470072443,20160801,,3,,3,,,,,1
4834118369822066721,1470069452,20160801,,3,,2,,,,,1
2842895618476559410,1470062008,20160801,,3,1,2,,,,,1
8500478825159566764,1470103385,20160801,,3,1,2,,,,,1
4741032916677179123,1470116480,20160801,,3,1,3,,,,,1
9779770777585916245,1470089350,20160801,,3,1,3,,,,,1
6960772894161809181,1470087036,20160801,,3,1,3,,,,,1
1613869085928837147,1470099770,20160801,,3,1,3,,,,,1
2519663407845424469,1470113723,20160801,,3,1,3,,,,,1
0728735440890222177,1470090271,20160801,,3,1,3,,,,,1
7915917649445719453,1470089230,20160801,,3,,3,,,,,1
5545865256703329577,1470042416,20160801,,3,1,3,,,,,1
2213191339240555860,1470067360,20160801,,3,,3,,,,,1
8779215719666644170,1470060010,20160801,,3,1,2,,,,,1
5173035161858804497,1470057291,20160801,,3,1,2,,,,,1
0242260641211986209,1470102520,20160801,,3,1,3,,,,,1
8132563834178974953,1470091997,20160801,,3,1,3,,,,,1
3907770685196037697,1470052145,20160801,,3,,3,,,,,1
8597027410485057111,1470066089,20160801,,3,,3,,,,,1
1900406563824931678,1470081748,20160801,,3,1,3,,,,,1
708182136272724140,1470107444,20160801,,3,,3,,,,,1
6604767229049497201,1470115142,20160801,,3,1,3,,,,,1
9976748477294164726,1470090428,20160801,,3,1,2,,,,,1
0703071257327430346,1470077052,20160801,,3,1,3,,,,,1
0803766777397114425,1470060290,20160801,,3,1,3,,,,,1
2779366116674268856,1470107000,20160801,,3,,3,,,,,1
9493249883710631149,1470082435,20160801,,3,1,3,,,,,1
9085218887779640980,1470063171,20160801,,3,1,2,,,,,1
3547717276163025378,1470061015,20160801,,3,,3,,,,,1
8422029627538180622,1470078119,20160801,,3,1,3,,,,,1
3517720271768758077,1470109960,20160801,,3,1,3,,,,,1
1882401858291805493,1470043787,20160801,,4,1,3,,,,,1
5271693154474208456,1470070138,20160801,,4,,4,,,,,1
6579047524938382825,1470078211,20160801,,4,1,4,,,,,1
789678791378176941,1470088285,20160801,,4,1,3,,,,,1
6966646264698722317,1470112214,20160801,,4,1,4,,,,,1
9533571845569362552,1470086110,20160801,,4,1,3,,,,,1
8430240768850820716,1470064191,20160801,,4,,3,,,,,1
5310912563447452038,1470107444,20160801,,4,,4,,,,,1
579368549092174659,1470094150,20160801,,4,1,3,,,,,1
1076513025655678778,1470081016,20160801,,4,,4,,,,,1
7505340672525128933,1470101083,20160801,,4,1,4,,,,,1
406461230962938817,1470095760,20160801,,4,1,3,,,,,1
7270929847039069200,1470095251,20160801,,4,1,3,,,,,1
1978627755211436010,1470119108,20160801,,4,1,4,,,,,1
116992034719575555,1470094409,20160801,,4,1,4,,,,,1
4961413465713332680,1470072170,20160801,,4,1,3,,,,,1
7666394839176567102,1470115733,20160801,,4,1,2,,,,,1
9801276214964695322,1470081945,20160801,,4,,4,,,,,1
5014443002776077299,1470071834,20160801,,4,1,4,,,,,1
365594903822101283,1470058371,20160801,,4,1,4,,,,,1
7629784540272591367,1470045468,20160801,,4,1,4,,,,,1
1641476689503533321,1470053712,20160801,,4,1,3,,,,,1
5430848282423196998,1470043841,20160801,,4,,4,,,,,1
5079847790435547812,1470037326,20160801,,4,,3,,,,,1
09643929456640790,1470074014,20160801,,4,1,4,,,,,1
8069796630919527574,1470068044,20160801,,4,1,3,,,,,1
3635754152765180885,1470068475,20160801,,4,1,4,,,,,1
0521800236999423025,1470070169,20160801,,4,1,3,,,,,1
1769164681262367221,1470083395,20160801,,4,1,3,,,,,1
4356368670265924289,1470066890,20160801,,4,1,3,,,,,1
3142889679741524960,1470089916,20160801,,4,,4,,,,,1
4033613882118163102,1470102227,20160801,,4,1,3,,,,,1
0657885132759378144,1470115411,20160801,,4,1,3,,,,,1
4220154440291082400,1470097460,20160801,,4,1,3,,,,,1
6787160235338713122,1470080791,20160801,,4,1,3,,,,,1
9290558425075999936,1470055386,20160801,,4,1,3,,,,,1
2598179390836943384,1470084344,20160801,,4,1,4,,,,,1
4174312721111666274,1470074662,20160801,,4,1,3,,,,,1
2979602448351162096,1470076884,20160801,,4,1,4,,,,,1
6422467164885658062,1470087754,20160801,,4,1,4,,,,,1
1276631666870427430,1470042235,20160801,,4,1,4,,,,,1
0462674042152519432,1470089934,20160801,,4,1,3,,,,,1
4237630977862841427,1470073266,20160801,,4,1,4,,,,,1
8998597645420885788,1470059856,20160801,,4,1,4,,,,,1
4500488192672905042,1470073673,20160801,,4,1,4,,,,,1
4572584574023002147,1470078683,20160801,,4,1,4,,,,,1
5260117902407993152,1470088585,20160801,,4,1,4,,,,,1
3514489728933698435,1470095957,20160801,,4,1,4,,,,,1
3318240400202817641,1470068668,20160801,,4,1,4,,,,,1
835261853962402017,1470081063,20160801,,4,1,4,,,,,1
1183405708492269586,1470100243,20160801,,4,,4,,,,,1
9054991367522580751,1470094834,20160801,,4,1,4,,,,,1
0957124016598662665,1470095705,20160801,,4,,4,,,,,1
8585175393719798471,1470077948,20160801,,4,,3,,,,,1
1723909349418867455,1470115542,20160801,,4,,4,,,,,1
1352184627763482886,1470074357,20160801,,4,1,4,,,,,1
8879965876172125518,1470102548,20160801,,4,,4,,,,,1
4421723853101106079,1470082416,20160801,,4,,3,,,,,1
1492217702561732960,1470079638,20160801,,4,1,4,,,,,1
4831806810656894971,1470066024,20160801,,4,1,4,,,,,1
7110111563027445389,1470076407,20160801,,4,,4,,,,,1
6288323169575819768,1470076127,20160801,,4,,4,,,,,1
7298538238612725446,1470100824,20160801,,4,,3,,,,,1
5747223272231686932,1470117079,20160801,,4,1,3,,,,,1
3634155159894530540,1470121149,20160801,,4,,4,,,,,1
9425872524748709682,1470077532,20160801,,4,1,4,,,,,1
0913627188881033241,1470068962,20160801,,4,,4,,,,,1
7533805118137456529,1470104242,20160801,,4,,3,,,,,1
2706234469572620246,1470037804,20160801,,4,1,3,,,,,1
5170796697724154592,1470081200,20160801,,4,,4,,,,,1
7077911844453000726,1470042301,20160801,,4,1,4,,,,,1
6787843339759445862,1470082463,20160801,,4,,4,,,,,1
2821399818599619907,1470080314,20160801,,4,1,4,,,,,1
4415481794449507521,1470079496,20160801,,4,1,3,,,,,1
759030695331234675,1470078505,20160801,,4,1,3,,,,,1
1330052349357162314,1470083294,20160801,,4,1,3,,,,,1
5800900099410986003,1470090174,20160801,,4,,4,,,,,1
3330738802699065081,1470079986,20160801,,4,,4,,,,,1
2111179064713208280,1470089682,20160801,,4,1,4,,,,,1
0959147575305606864,1470096512,20160801,,4,1,4,,,,,1
2452888129343523931,1470086347,20160801,,4,1,3,,,,,1
8802933683938257671,1470064585,20160801,,4,1,4,,,,,1
505690627766188392,1470062934,20160801,,4,1,4,,,,,1
8644414483864627655,1470078218,20160801,,5,,5,,,,,1
2047874584272208283,1470066070,20160801,,5,,5,,,,,1
138537716219788506,1470115666,20160801,,5,,5,,,,,1
9847625927626901147,1470086924,20160801,,5,1,4,,,,,1
3907770685196037697,1470050008,20160801,,5,,5,,,,,1
5961761097538346074,1470113300,20160801,,5,1,4,,,,,1
5404227027418054953,1470083466,20160801,,5,1,5,,,,,1
4258053097075989576,1470119268,20160801,,5,1,5,,,,,1
3935754171050797809,1470090451,20160801,,5,1,3,,,,,1
0533043126087723849,1470077037,20160801,,5,1,4,,,,,1
5491202478171376258,1470069077,20160801,,5,,4,,,,,1
9377639114402198049,1470086968,20160801,,5,1,5,,,,,1
2976178532750719771,1470085324,20160801,,5,,5,,,,,1
1887525536715312831,1470095758,20160801,,5,1,4,,,,,1
4151172324885744289,1470080039,20160801,,5,,5,,,,,1
0401568549668876404,1470082537,20160801,,5,1,5,,,,,1
1889240718310950469,1470075837,20160801,,5,,4,,,,,1
2703368790658666184,1470115254,20160801,,5,1,5,,,,,1
9268008200873581059,1470096796,20160801,,5,1,5,,,,,1
3026163435419099099,1470058874,20160801,,5,1,5,,,,,1
0946568304929736127,1470091208,20160801,,5,1,5,,,,,1
2331572485952025433,1470081685,20160801,,5,,5,,,,,1
8158003312239603025,1470078793,20160801,,5,1,5,,,,,1
1074012291655531532,1470059591,20160801,,5,1,4,,,,,1
925629734318379812,1470087586,20160801,,5,1,5,,,,,1
0341319689353253851,1470058880,20160801,,5,,5,,,,,1
1605625902271121000,1470040969,20160801,,5,1,5,,,,,1
0116436763018562710,1470088653,20160801,,5,,4,,,,,1
000722514342430295,1470093727,20160801,,5,1,4,,,,,1
8319899131077539989,1470089534,20160801,,5,1,4,,,,,1
2317143886543006089,1470102692,20160801,,5,1,5,,,,,1
9782559705146002237,1470095098,20160801,,5,,5,,,,,1
756857572086966774,1470067378,20160801,,5,,4,,,,,1
7687406337661702709,1470063713,20160801,,5,,4,,,,,1
925450609847802842,1470105152,20160801,,5,,5,,,,,1
0161103620003490662,1470071941,20160801,,5,,3,,,,,1
7718623669497357235,1470035081,20160801,,5,1,5,,,,,1
0459084326224596664,1470093534,20160801,,5,1,5,,,,,1
7334027332650026089,1470086482,20160801,,5,,5,,,,,1
4572584574023002147,1470078768,20160801,,5,,5,,,,,1
3444514318939246165,1470075863,20160801,,5,,4,,,,,1
7039712579733841787,1470117724,20160801,,5,1,2,,,,,1
7503372490716009432,1470064320,20160801,,5,,3,,,,,1
9677816246706455875,1470074871,20160801,,5,1,3,,,,,1
6444666378259866837,1470072719,20160801,,5,1,5,,,,,1
6135774816150725612,1470082627,20160801,,5,1,5,,,,,1
8198513440170816734,1470071197,20160801,,5,1,4,,,,,1
4174673980383629957,1470062706,20160801,,5,1,3,,,,,1
2499073159297778675,1470072344,20160801,,5,,5,,,,,1
6375532442615564447,1470052949,20160801,,5,1,4,,,,,1
4691971393212178659,1470104123,20160801,,5,,4,,,,,1
1817256435818850257,1470092077,20160801,,5,,3,,,,,1
7815166845235232089,1470097761,20160801,,5,1,4,,,,,1
2620481260679179875,1470061388,20160801,,5,1,3,,,,,1
8280805974080139588,1470113824,20160801,,5,1,4,,,,,1
494915149919585281,1470082448,20160801,,5,1,4,,,,,1
3997937353086624166,1470109582,20160801,,5,1,5,,,,,1
6595734076084637031,1470105825,20160801,,5,1,5,,,,,1
0872675904537373864,1470081918,20160801,,5,,3,,,,,1
3105496268124422764,1470113324,20160801,,5,1,3,,,,,1
6401018550057682991,1470049854,20160801,,5,1,3,,,,,1
5655816441964563984,1470084548,20160801,,5,,4,,,,,1
4703900907627844850,1470066131,20160801,,5,1,5,,,,,1
0396486246551917147,1470094849,20160801,,5,1,4,,,,,1
3269929874874638846,1470105289,20160801,,5,1,5,,,,,1
3057842967445471784,1470095359,20160801,,6,,6,,,,,1
7205449092152064425,1470071016,20160801,,6,1,4,,,,,1
9760803449256875420,1470100236,20160801,,6,1,4,,,,,1
9282337552638739171,1470077094,20160801,,6,1,6,,,,,1
7335387188572255149,1470070656,20160801,,6,1,4,,,,,1
9576613996350682765,1470116709,20160801,,6,1,6,,,,,1
4590171872917314050,1470112099,20160801,,6,1,6,,,,,1
9966493560312992908,1470064909,20160801,,6,1,5,,,,,1
3126493267998651969,1470063850,20160801,,6,,5,,,,,1
76744637389790896,1470064990,20160801,,6,1,5,,,,,1
8377004764015899559,1470061544,20160801,,6,,4,,,,,1
7007431728473096243,1470120268,20160801,,6,1,4,,,,,1
9152536486803427969,1470119115,20160801,,6,1,5,,,,,1
5006195237960872707,1470056706,20160801,,6,1,4,,,,,1
8562504397643086482,1470064545,20160801,,6,1,6,,,,,1
3267289685695286777,1470070209,20160801,,6,1,5,,,,,1
6891579531332176887,1470085613,20160801,,6,1,6,,,,,1
3580452052961178709,1470071912,20160801,,6,,6,,,,,1
0354092695831923417,1470109020,20160801,,6,1,4,,,,,1
5761840295662617853,1470041543,20160801,,6,,2,,,,,1
5608218146631757534,1470090101,20160801,,6,,4,,,,,1
8354961261344283153,1470098272,20160801,,6,,5,,,,,1
098821159809198055,1470074840,20160801,,6,,6,,,,,1
4621003505955733083,1470084619,20160801,,6,1,6,,,,,1
5457966268582392647,1470090486,20160801,,6,,4,,,,,1
4081324366412530455,1470064685,20160801,,6,,6,,,,,1
8443152750706781913,1470070390,20160801,,6,1,6,,,,,1
7335387188572255149,1470074950,20160801,,6,,3,,,,,1
9509805417263426377,1470099831,20160801,,6,1,5,,,,,1
3747893768799586469,1470076351,20160801,,6,1,4,,,,,1
0476336740806624508,1470107997,20160801,,6,1,5,,,,,1
6864637730296714893,1470048884,20160801,,6,1,4,,,,,1
1625612495467726234,1470100244,20160801,,6,1,5,,,,,1
7854260418222913384,1470086475,20160801,,6,1,4,,,,,1
1905929349583388322,1470091415,20160801,,6,1,5,,,,,1
3063898855332866361,1470105187,20160801,,6,1,6,,,,,1
5469592340519286418,1470110854,20160801,,6,1,3,,,,,1
3662786672553497596,1470076930,20160801,,6,1,4,,,,,1
2363816821838994323,1470089435,20160801,,6,1,5,,,,,1
5716663734226378541,1470076020,20160801,,6,1,6,,,,,1
390423349709954340,1470108016,20160801,,6,1,5,,,,,1
4851076560952390809,1470085041,20160801,,6,1,6,,,,,1
2131831853796087522,1470113819,20160801,,6,1,4,,,,,1
0174999012345482367,1470076242,20160801,,6,,6,,,,,1
6440320050638782751,1470063516,20160801,,6,1,6,,,,,1
1856749147915772585,1470102565,20160801,,6,,4,,,,,1
0709272184743066560,1470094433,20160801,,6,,6,,,,,1
8237595922099299023,1470093166,20160801,,7,1,6,,,,,1
7451681150246556439,1470063289,20160801,,7,1,7,,,,,1
0593150394512575588,1470070913,20160801,,7,,7,,,,,1
3130645655077179934,1470109392,20160801,,7,,5,,,,,1
2343977100441805952,1470098348,20160801,,7,1,4,,,,,1
2276230046118857151,1470092303,20160801,,7,,7,,,,,1
8344032354768501869,1470093645,20160801,,7,,7,,,,,1
3522280126516023952,1470108385,20160801,,7,1,7,,,,,1
3910500230136916660,1470096733,20160801,,7,1,5,,,,,1
6744697227424119304,1470091725,20160801,,7,1,7,,,,,1
6211934679344931624,1470120895,20160801,,7,1,7,,,,,1
1749128084828375108,1470092216,20160801,,7,1,7,,,,,1
0212479256983706107,1470072529,20160801,,7,1,7,,,,,1
8590555186939402677,1470078348,20160801,,7,,7,,,,,1
0553598010587869756,1470107451,20160801,,7,,7,,,,,1
603373162136570069,1470070474,20160801,,7,,7,,,,,1
2586654881267402138,1470078387,20160801,,7,1,5,,,,,1
1750514406451146951,1470085647,20160801,,7,1,5,,,,,1
6828760778804376817,1470074346,20160801,,7,1,3,,,,,1
593607024576642131,1470065634,20160801,,7,,7,,,,,1
2215681073032687184,1470085235,20160801,,7,1,6,,,,,1
8719072487533399733,1470096128,20160801,,7,1,5,,,,,1
2549728492461833238,1470047379,20160801,,7,1,4,,,,,1
9878962654812700271,1470091905,20160801,,7,,4,,,,,1
636466535079841240,1470082164,20160801,,7,1,5,,,,,1
2820652514257258467,1470055343,20160801,,7,1,6,,,,,1
2511766854857818700,1470083372,20160801,,7,1,5,,,,,1
5700972772870493639,1470095209,20160801,,7,,7,,,,,1
7027129382380641443,1470109817,20160801,,7,1,6,,,,,1
1292918695745531394,1470088982,20160801,,7,,4,,,,,1
6847217672772231661,1470083881,20160801,,7,1,7,,,,,1
6926161835587768681,1470075248,20160801,,7,1,6,,,,,1
762295638846925704,1470080719,20160801,,7,1,7,,,,,1
1757409464136963580,1470035457,20160801,,7,,5,,,,,1
0167277143072555656,1470092822,20160801,,7,1,7,,,,,1
8583756899584588368,1470073338,20160801,,7,1,6,,,,,1
9518384605133293021,1470079153,20160801,,7,1,7,,,,,1
0413919359640783978,1470092800,20160801,,7,,7,,,,,1
2889377910436375292,1470109005,20160801,,7,1,7,,,,,1
4724930710879594248,1470086845,20160801,,7,1,7,,,,,1
4199367541035485910,1470109573,20160801,,7,1,6,,,,,1
987914185693056506,1470048543,20160801,,7,1,3,,,,,1
0901040675559923659,1470079766,20160801,,7,1,7,,,,,1
3884791411084599214,1470101294,20160801,,8,,8,,,,,1
5773173424977778287,1470081521,20160801,,8,1,5,,,,,1
798691020264746304,1470069330,20160801,,8,1,6,,,,,1
6366316989927168370,1470094797,20160801,,8,,8,,,,,1
5541567883792921967,1470076937,20160801,,8,,6,,,,,1
5760753352577829144,1470078693,20160801,,8,1,8,,,,,1
3907770685196037697,1470048486,20160801,,8,1,5,,,,,1
8505854664680870109,1470099754,20160801,,8,1,8,,,,,1
258194871216000308,1470059595,20160801,,8,1,4,,,,,1
5761840295662617853,1470039214,20160801,,8,,5,,,,,1
9159285916228638348,1470083542,20160801,,8,,8,,,,,1
9116763220411859349,1470078321,20160801,,8,1,7,,,,,1
0813074379715507848,1470083641,20160801,,8,1,6,,,,,1
3881791618115740942,1470094880,20160801,,8,,8,,,,,1
5705587814808849172,1470091778,20160801,,8,1,6,,,,,1
6295937732413829157,1470035892,20160801,,8,1,6,,,,,1
8741658912440878935,1470065574,20160801,,8,1,6,,,,,1
2775333805699294537,1470063140,20160801,,8,,6,,,,,1
2213319842456651432,1470117007,20160801,,8,1,6,,,,,1
1856237131266550302,1470084844,20160801,,8,,8,,,,,1
5604003575246779979,1470073289,20160801,,8,,7,,,,,1
8542570651342039948,1470110748,20160801,,8,1,6,,,,,1
174711949982221362,1470071371,20160801,,8,1,5,,,,,1
2310283151871955061,1470058869,20160801,,8,1,7,,,,,1
0513367219376405875,1470086612,20160801,,8,1,8,,,,,1
4241418287933709447,1470084881,20160801,,8,,8,,,,,1
2506112552623796443,1470079900,20160801,,8,,8,,,,,1
1094601935519168096,1470119307,20160801,,8,1,8,,,,,1
7192936906150446002,1470081898,20160801,,8,,7,,,,,1
1982922306734736460,1470070391,20160801,,8,,6,,,,,1
3625388336199393256,1470118071,20160801,,8,1,6,,,,,1
7455063974124636385,1470080788,20160801,,8,1,7,,,,,1
5187671474409178153,1470108135,20160801,,8,1,5,,,,,1
4697674744990809143,1470108660,20160801,,8,1,8,,,,,1
3638103956107835422,1470075361,20160801,,8,1,5,,,,,1
689975324856739942,1470089346,20160801,,8,,5,,,,,1
1219325807742188295,1470111324,20160801,,8,,5,,,,,1
0015694432801235877,1470043732,20160801,,8,1,7,,,,,1
5324270365925211209,1470085179,20160801,,8,1,6,,,,,1
7314017156048253837,1470046384,20160801,,8,1,8,,,,,1
7533805118137456529,1470090132,20160801,,9,1,6,,,,,1
758577373703531857,1470068214,20160801,,9,,8,,,,,1
4295023008719306245,1470086953,20160801,,9,,5,,,,,1
0824646283836949461,1470083135,20160801,,9,1,8,,,,,1
0832322939999728199,1470088875,20160801,,9,1,9,,,,,1
7348043856224640094,1470041640,20160801,,9,1,9,,,,,1
3907770685196037697,1470084579,20160801,,9,,9,,12990000,7990000,1,1
1677406339586950802,1470050586,20160801,,9,1,8,,,,,1
0403454456389348844,1470120817,20160801,,9,,6,,,,,1
9868339371386523708,1470085780,20160801,,9,1,8,,,,,1
7108681342006406745,1470078346,20160801,,9,1,9,,,,,1
6426372536562896996,1470099765,20160801,,9,,6,,,,,1
3058241021846504096,1470058488,20160801,,9,1,6,,,,,1
373784500636702964,1470069876,20160801,,9,1,7,,,,,1
9795143290551478465,1470096501,20160801,,9,,8,,,,,1
5923605856827327918,1470089841,20160801,,9,1,6,,,,,1
0981575239309066644,1470095593,20160801,,9,1,7,,,,,1
1626716998556233354,1470111152,20160801,,9,,9,,,,,1
3661163348027738918,1470110467,20160801,,9,,7,,,,,1
8131745029417163398,1470110821,20160801,,9,1,8,,,,,1
5457341708050484439,1470094419,20160801,,9,,9,,,,,1
0690330955242089309,1470113432,20160801,,9,1,9,,,,,1
4488234939678302618,1470103518,20160801,,9,,9,,,,,1
8041179583157231807,1470062678,20160801,,9,1,9,,,,,1
2694708692574296124,1470089156,20160801,,9,1,7,,,,,1
3444514318939246165,1470085675,20160801,,9,,7,,,,,1
5228340108314802662,1470080993,20160801,,9,1,9,,,,,1
2882577556953103385,1470097181,20160801,,9,1,5,,,,,1
7205403425666018308,1470065936,20160801,,9,1,8,,,,,1
0161103620003490662,1470066086,20160801,,9,,7,,,,,1
23423439498373464,1470086603,20160801,,9,1,9,,,,,1
3936844640958989282,1470106061,20160801,,9,,7,,,,,1
0341319689353253851,1470063205,20160801,,9,,9,,,,,1
2327929995090924019,1470075354,20160801,,9,,6,,,,,1
6800613735805802605,1470091332,20160801,,9,1,9,,,,,1
105918627300418509,1470104784,20160801,,9,1,7,,,,,1
4798058133221713505,1470035161,20160801,,9,1,7,,,,,1
5836331037143212564,1470092711,20160801,,9,,8,,,,,1
96828372717775055,1470071468,20160801,,9,1,7,,,,,1
7577555488698756006,1470088419,20160801,,9,1,9,,,,,1
1599273251148489928,1470075536,20160801,,9,1,6,,,,,1
5188974751841750198,1470116940,20160801,,9,1,7,,,,,1
7275493482741180809,1470084957,20160801,,9,,9,,,,,1
326713960184415917,1470112129,20160801,,10,1,8,,,,,1
5719519864455942687,1470064848,20160801,,10,1,6,,,,,1
1003838192988579723,1470101014,20160801,,10,1,10,,,,,1
606435179693837147,1470099084,20160801,,10,1,7,,,,,1
0482843755681270604,1470090872,20160801,,10,,8,,,,,1
4336586112200183177,1470073717,20160801,,10,1,7,,,,,1
1630080920415753288,1470087306,20160801,,10,1,8,,,,,1
9267974830205623895,1470064018,20160801,,10,1,10,,,,,1
4657065526573368452,1470089740,20160801,,10,1,7,,,,,1
9060849750997331558,1470050171,20160801,,10,1,8,,,,,1
5344667959214571153,1470089600,20160801,,10,1,8,,,,,1
2716049628699698602,1470114203,20160801,,10,1,7,,,,,1
0261203701989483879,1470073588,20160801,,10,1,9,,,,,1
2611645231825416631,1470083765,20160801,,10,1,10,,,,,1
5697982501959734404,1470067901,20160801,,10,1,8,,,,,1
9133150929083418260,1470075937,20160801,,10,1,10,,,,,1
7010462500294643960,1470085241,20160801,,10,,10,,,,,1
1242181467370730486,1470085994,20160801,,10,,10,,,,,1
8708067857860380883,1470082200,20160801,,10,,10,,,,,1
0121227660543631149,1470102407,20160801,,10,1,7,,,,,1
6526752225691972183,1470080033,20160801,,10,,8,,,,,1
0999951502366886191,1470096511,20160801,,10,1,7,,,,,1
759364034746328963,1470041040,20160801,,10,1,10,,,,,1
3608196374724519087,1470074964,20160801,,10,1,5,,,,,1
3320119973962642543,1470038799,20160801,,10,1,9,,,,,1
8109664436025857507,1470101532,20160801,,10,1,6,,,,,1
1644562297167206343,1470119319,20160801,,10,1,4,,,,,1
6715732375285289961,1470109204,20160801,,10,1,8,,,,,1
0174999012345482367,1470063574,20160801,,10,1,6,,,,,1
1078366177591833433,1470105838,20160801,,10,1,6,,,,,1
9082112881592138849,1470096887,20160801,,10,1,4,,,,,1
871675557963907195,1470067888,20160801,,10,1,10,,,,,1
384088448748841648,1470092364,20160801,,11,1,11,,,,,1
9715374816220032822,1470050832,20160801,,11,1,9,,,,,1
6446851903014760312,1470074117,20160801,,11,1,8,,,,,1
4936144893588506157,1470067278,20160801,,11,1,8,,,,,1
7917704081634641311,1470102142,20160801,,11,,11,,,,,1
807191525675674136,1470107050,20160801,,11,1,8,,,,,1
464908394088842997,1470068530,20160801,,11,,9,,,,,1
3016857027452005187,1470079734,20160801,,11,1,6,,,,,1
4384582438292594523,1470090921,20160801,,11,1,8,,,,,1
4849884385056788691,1470095048,20160801,,11,1,9,,,,,1
9446075047835972433,1470089849,20160801,,11,1,11,,,,,1
4698004949564442325,1470099930,20160801,,11,1,6,,,,,1
1631967168820223837,1470085217,20160801,,11,1,9,,,,,1
665785595149092081,1470092422,20160801,,11,1,9,,,,,1
9035306047185052141,1470058265,20160801,,11,,7,,,,,1
8271170844108113200,1470075367,20160801,,11,,9,,,,,1
3823831209442004233,1470086684,20160801,,11,,5,,,,,1
1967121593241172100,1470050530,20160801,,11,1,11,,,,,1
7866774640817178857,1470087118,20160801,,11,,9,,,,,1
7765335078471845903,1470084267,20160801,,11,1,10,,,,,1
2371112886977263623,1470091865,20160801,,11,,7,,,,,1
4851694972796487097,1470081091,20160801,,11,1,9,,,,,1
9993204973689965101,1470048069,20160801,,11,,10,,,,,1
079785550312480399,1470079426,20160801,,11,1,8,,,,,1
843306899918749327,1470073212,20160801,,11,1,11,,,,,1
3754515888221881941,1470087306,20160801,,11,,7,,,,,1
9650541762607480820,1470059322,20160801,,12,,11,,,,,1
6748817685338407600,1470067419,20160801,,12,,12,,,,,1
2296933856601873056,1470107885,20160801,,12,1,11,,,,,1
1033366144628740081,1470093494,20160801,,12,1,10,,,,,1
7438743588318957122,1470108105,20160801,,12,1,9,,,,,1
6394831228618183658,1470099764,20160801,,12,1,12,,,,,1
0437273981466271229,1470071952,20160801,,12,1,10,,,,,1
4116055325627256034,1470062141,20160801,,12,1,12,,,,,1
9743544249024499762,1470071734,20160801,,12,1,10,,,,,1
0628708827036512143,1470098456,20160801,,12,1,12,,,,,1
4701185974045728607,1470066556,20160801,,12,,12,,,,,1
8567974717569039751,1470084954,20160801,,12,1,12,,,,,1
0382398254804709368,1470104251,20160801,,12,1,12,,,,,1
3369132208689322709,1470107950,20160801,,12,1,12,,,,,1
057665938225418659,1470071570,20160801,,12,1,9,,,,,1
6294498685685853129,1470104354,20160801,,12,1,7,,,,,1
4534107900812583124,1470051458,20160801,,12,1,7,,,,,1
1723981563106392466,1470055756,20160801,,12,,10,,,,,1
9220733487783253932,1470097038,20160801,,12,1,10,,,,,1
504527166889560577,1470072714,20160801,,12,1,10,,,,,1
4384990792205822883,1470064468,20160801,,12,1,10,,,,,1
1106555359375998536,1470067747,20160801,,12,1,9,,,,,1
0541415792766009896,1470104631,20160801,,12,1,11,,,,,1
1739823917347946740,1470070623,20160801,,12,,8,,,,,1
350616841177147864,1470036371,20160801,,12,1,8,,,,,1
2217418288172715379,1470108861,20160801,,13,,11,,,,,1
2478708775280238505,1470070589,20160801,,13,1,10,,,,,1
7103321195030738247,1470079002,20160801,,13,1,13,,,,,1
5106315619134282281,1470069998,20160801,,13,,11,,,,,1
3608467442254520408,1470073080,20160801,,13,1,10,,,,,1
7138879142579197491,1470072643,20160801,,13,,9,,,,,1
5117883250816491401,1470063535,20160801,,13,1,9,,,,,1
9377768468469703794,1470068699,20160801,,13,1,9,,,,,1
2972472695838198418,1470075627,20160801,,13,,11,,,,,1
9065508646546984599,1470080579,20160801,,13,1,10,,,,,1
5240826968570680211,1470058477,20160801,,13,1,10,,,,,1
7056870819058799369,1470069291,20160801,,13,,11,,22590000,13590000,1,1
481136536823294889,1470110898,20160801,,13,1,8,,,,,1
3936844640958989282,1470058477,20160801,,13,1,10,,,,,1
3890853151729449223,1470084783,20160801,,13,1,11,,,,,1
7051718074744690705,1470073414,20160801,,13,,8,,,,,1
7661113009266719556,1470040701,20160801,,13,1,12,,,,,1
8844262168616364981,1470083175,20160801,,13,,9,,,,,1
368977670377176571,1470101759,20160801,,14,1,7,,,,,1
7426174364050388533,1470088480,20160801,,14,1,10,,,,,1
5946672336805397304,1470077762,20160801,,14,,9,,,,,1
2775333805699294537,1470084831,20160801,,14,,8,,,,,1
1669777926634508233,1470059096,20160801,,14,1,8,,,,,1
8346614539128137085,1470063026,20160801,,14,,12,,,,,1
2115386512530006397,1470082851,20160801,,14,1,10,,,,,1
7708575291679364151,1470083689,20160801,,14,1,12,,,,,1
3067333294832179853,1470075169,20160801,,14,,13,,,,,1
6030957980134486247,1470096817,20160801,,14,,11,,19990000,16990000,1,1
6170265019437280323,1470082778,20160801,,14,1,12,,,,,1
2652098492843037268,1470089428,20160801,,14,,9,,,,,1
7970801744441139347,1470058977,20160801,,14,1,9,,,,,1
1403632269796083949,1470114488,20160801,,14,1,5,,,,,1
5530732783475247643,1470099703,20160801,,14,1,9,,,,,1
6932408648900988870,1470077031,20160801,,14,,9,,,,,1
9358167394549270312,1470080806,20160801,,14,,11,,,,,1
4424921723551438567,1470046987,20160801,,14,1,11,,,,,1
1343892784443318387,1470110276,20160801,,14,1,7,,,,,1
172600853716850454,1470090641,20160801,,14,1,11,,,,,1
7512789166007226631,1470064163,20160801,,14,1,9,,,,,1
8207362494606500607,1470115645,20160801,,15,1,13,,,,,1
711432706839362141,1470105737,20160801,,15,,15,,,,,1
0750611892691038410,1470083670,20160801,,15,,12,,,,,1
5540991611284577933,1470091236,20160801,,15,1,12,,,,,1
7002235067002565049,1470116185,20160801,,15,,15,,,,,1
8438615943594533815,1470077834,20160801,,15,,15,,,,,1
8303744919817460764,1470079650,20160801,,15,1,13,,,,,1
8640435391065630517,1470081220,20160801,,15,1,10,,,,,1
4890594302415608916,1470076818,20160801,,15,,12,,,,,1
5759903822809248402,1470101671,20160801,,15,,9,,,,,1
8782513642833614098,1470057569,20160801,,16,1,8,,,,,1
1924553142818813976,1470060097,20160801,,16,1,7,,,,,1
0161103620003490662,1470079030,20160801,,16,,12,,,,,1
3709999704956265072,1470117761,20160801,,16,1,12,,,,,1
7816450317892721085,1470108170,20160801,,16,1,12,,,,,1
9883000500364208923,1470091532,20160801,,16,1,11,,,,,1
211067802416163706,1470058140,20160801,,16,1,16,,,,,1
3047968373711472876,1470106915,20160801,,16,,11,,,,,1
3452302189809534579,1470065286,20160801,,16,1,10,,,,,1
3738755573768380864,1470098592,20160801,,16,1,11,,,,,1
5267883768915568721,1470112718,20160801,,16,1,12,,,,,1
1302490964849403553,1470058390,20160801,,16,1,12,,,,,1
2795402033797871386,1470098955,20160801,,17,1,12,,,,,1
0609326100006985856,1470109083,20160801,,17,1,14,,,,,1
109478348209300995,1470088919,20160801,,17,1,14,,,,,1
0887754557131989783,1470083456,20160801,,17,1,13,,,,,1
3347789288868084300,1470080846,20160801,,17,1,14,,,,,1
4941770276769705740,1470080372,20160801,,17,,13,,,,,1
9678469301590366177,1470082966,20160801,,17,1,14,,,,,1
185886403613744695,1470100863,20160801,,17,1,17,,,,,1
0667801358610608122,1470089317,20160801,,17,1,11,,,,,1
4184527786990826304,1470079432,20160801,,17,1,17,,,,,1
6091498163535424271,1470091861,20160801,,17,,13,,,,,1
6257871557133780030,1470086072,20160801,,17,1,12,,,,,1
1076513025655678778,1470087970,20160801,,18,,13,,,,,1
31490038171426725,1470087841,20160801,,18,1,12,,,,,1
1662833536389293085,1470069685,20160801,,18,1,10,,,,,1
001747219368939605,1470080149,20160801,,18,1,14,,,,,1
4758564487125779949,1470040837,20160801,,18,1,14,,,,,1
6519373117236859321,1470098355,20160801,,18,1,15,,,,,1
5129303495459541871,1470086698,20160801,,18,1,12,,,,,1
6203401114057579951,1470055898,20160801,,18,,14,,72700000,71700000,1,1
0451515753972272081,1470072320,20160801,,18,1,15,,,,,1
3606096616141145329,1470093843,20160801,,18,1,15,,,,,1
1504442874052757742,1470091865,20160801,,18,1,14,,,,,1
7781987324145448581,1470116494,20160801,,18,,11,,,,,1
8144887345147571750,1470073342,20160801,,18,,16,,,,,1
5719213140589922004,1470113729,20160801,,18,1,11,,,,,1
4539850635972033953,1470053040,20160801,,19,1,18,,,,,1
7803172593096160119,1470037277,20160801,,19,1,14,,,,,1
4254077777097557601,1470114584,20160801,,19,1,16,,,,,1
024133145794646739,1470116853,20160801,,19,,14,,,,,1
4061386306679952654,1470090374,20160801,,19,1,14,,,,,1
9485654033951448587,1470076959,20160801,,19,1,16,,,,,1
4943724707143454002,1470077435,20160801,,19,,15,,,,,1
5490488281230795745,1470062763,20160801,,19,1,16,,,,,1
2620481260679179875,1470112197,20160801,,19,,17,,,,,1
5028358764893417263,1470068333,20160801,,19,1,11,,,,,1
8207362494606500607,1470115890,20160801,,20,,12,,,,,1
432198110923477013,1470063699,20160801,,20,1,16,,,,,1
8436426603099391262,1470064619,20160801,,20,,13,,,,,1
0928429216085865673,1470077672,20160801,,20,1,14,,,,,1
4119670571587062780,1470104262,20160801,,20,1,17,,,,,1
4631129802514106099,1470061745,20160801,,20,,15,,132800000,127800000,1,1
5963471621704219473,1470082034,20160801,,20,1,14,,,,,1
0384873228921337077,1470100130,20160801,,21,1,18,,,,,1
0538499578496971765,1470071270,20160801,,21,1,16,,,,,1
5946672336805397304,1470083760,20160801,,21,,14,,,,,1
6705441060490938466,1470076997,20160801,,21,1,10,,,,,1
5563168194966233133,1470078265,20160801,,21,,17,,65580000,57580000,1,1
7614028868724779177,1470077755,20160801,,21,,16,,,,,1
6027268712782791947,1470115160,20160801,,21,,21,,32180000,27180000,1,1
1757074615507989305,1470057388,20160801,,21,1,19,,,,,1
1426533350286376573,1470065141,20160801,,21,1,17,,,,,1
1434758333813758523,1470081510,20160801,,21,1,16,,,,,1
0142252774383219183,1470038712,20160801,,21,,19,,,,,1
3541862731321042694,1470052966,20160801,,21,1,17,,,,,1
9156455213751523745,1470054127,20160801,,21,,20,,,,,1
9050768044570669553,1470092112,20160801,,22,1,18,,,,,1
7989405066712798604,1470105087,20160801,,22,1,18,,,,,1
757866699721746847,1470090967,20160801,,22,1,16,,,,,1
6002047819048640977,1470098057,20160801,,22,1,14,,,,,1
0179506031131180789,1470098120,20160801,,22,1,20,,,,,1
0701601838005591363,1470081925,20160801,,22,,17,,21590000,17590000,1,1
4419590405185162444,1470086517,20160801,,22,1,13,,,,,1
0933710902214034131,1470078686,20160801,,22,1,18,,,,,1
1468560120795000800,1470085227,20160801,,22,,17,,217920000,216920000,1,1
4061386306679952654,1470109386,20160801,,22,,15,,,,,1
5563168194966233133,1470069133,20160801,,22,1,15,,,,,1
4685798131908550257,1470076963,20160801,,22,1,17,,,,,1
6674217049538832068,1470043635,20160801,,23,1,15,,,,,1
4913278259301843820,1470084131,20160801,,23,,17,,,,,1
0562740026866245032,1470091803,20160801,,23,,19,,,,,1
14525157151262675,1470110719,20160801,,23,,20,,,,,1
9485064159036036847,1470117635,20160801,,23,1,18,,,,,1
77798030145473969,1470069716,20160801,,23,,19,,,,,1
5588534024978390342,1470075009,20160801,,23,1,19,,,,,1
7318547266531531994,1470113343,20160801,,23,1,17,,,,,1
895954260133011192,1470046245,20160801,,24,1,17,,,,,1
0288478011259077136,1470084717,20160801,,24,1,18,,,,,1
4887857760389227960,1470112338,20160801,,25,1,18,,,,,1
1817256435818850257,1470094576,20160801,,25,,19,,12500000,3500000,1,1
4057405536547962178,1470107017,20160801,,25,1,17,,,,,1
0350370813631305535,1470053049,20160801,,25,1,18,,,,,1
6027268712782791947,1470112691,20160801,,25,,21,,,,,1
9048067102444753039,1470065045,20160801,,25,1,20,,,,,1
7023410125494623482,1470079181,20160801,,25,,18,,,,,1
2125540555068339394,1470064446,20160801,,25,,19,,37780000,36780000,1,1
4568535698206581294,1470057472,20160801,,25,,20,,,,,1
9707737733420214515,1470064444,20160801,,25,1,17,,,,,1
0696773336104767519,1470073787,20160801,,26,1,15,,,,,1
7555406992780661514,1470117824,20160801,,26,1,17,,,,,1
9775616154918189488,1470077804,20160801,,26,1,22,,,,,1
1723909349418867455,1470110043,20160801,,26,1,18,,,,,1
148720899219079299,1470102616,20160801,,26,,23,,63990000,55990000,1,1
055245354538836465,1470090228,20160801,,26,1,23,,,,,1
420022292280834469,1470093331,20160801,,26,1,16,,,,,1
4517759381023869053,1470068662,20160801,,26,1,21,,,,,1
6440789996634275026,1470078988,20160801,,27,,17,,,,,1
8520115029387302083,1470075581,20160801,,27,,19,,,,,1
6792260745822342947,1470099026,20160801,,27,,17,,,,,1
0824839726118485274,1470074867,20160801,,27,,18,,,,,1
8341980690045636440,1470114192,20160801,,27,1,18,,,,,1
4408669591114365400,1470073592,20160801,,28,1,19,,,,,1
677752616453244098,1470077407,20160801,,28,1,18,,,,,1
9194763958135346715,1470071293,20160801,,28,,22,,,,,1
4780514666369871802,1470062770,20160801,,28,1,20,,,,,1
2867503238310507333,1470079230,20160801,,28,1,21,,,,,1
4864654649238141085,1470077559,20160801,,29,,18,,,,,1
0307593432572738176,1470076896,20160801,,29,1,12,,,,,1
0346662730910803388,1470079376,20160801,,30,1,27,,,,,1
2832082460100825016,1470099994,20160801,,30,,18,,,,,1
2371112886977263623,1470097739,20160801,,30,,22,,,,,1
413376117696916627,1470042982,20160801,,30,1,23,,,,,1
2506112552623796443,1470090499,20160801,,30,,18,,,,,1
1407445369428897300,1470102360,20160801,,31,,19,,,,,1
1013896044521927115,1470061018,20160801,,31,,29,,,,,1
1231590494443171080,1470067091,20160801,,31,,23,,,,,1
6751290259214798595,1470056945,20160801,,31,1,21,,,,,1
3213840074316400693,1470057237,20160801,,32,,24,,170400000,167400000,1,1
2987126973357946088,1470112710,20160801,,32,1,24,,,,,1
9121381417149594223,1470086769,20160801,,32,1,20,,,,,1
9100993668586456878,1470070384,20160801,,32,,22,,,,,1
1196132281175677017,1470073699,20160801,,32,,22,,,,,1
2652098492843037268,1470089160,20160801,,33,,31,,,,,1
6849420071276447389,1470074045,20160801,,33,1,13,,,,,1
2740683783555632191,1470036291,20160801,,33,,20,,,,,1
3006489767948351126,1470064251,20160801,,34,,22,,2213380000,2211380000,1,1
6332431001963915083,1470052998,20160801,,34,,28,,32190000,27190000,1,1
6997692197808690953,1470063685,20160801,,34,,26,,45960000,39960000,1,1
9476580765147760573,1470100686,20160801,,34,1,16,,,,,1
6485652672428047343,1470063041,20160801,,34,1,24,,29480000,23480000,1,1
4646087283742071705,1470095671,20160801,,34,1,22,,,,,1
4708772765086811667,1470056674,20160801,,34,1,20,,,,,1
9944837330300807508,1470061475,20160801,,34,,27,,,,,1
677752616453244098,1470099675,20160801,,34,,31,,,,,1
5761840295662617853,1470120798,20160801,,34,,18,,,,,1
0463567805880031157,1470043264,20160801,,35,1,16,,,,,1
2976178532750719771,1470068872,20160801,,35,,26,,19930000,15930000,1,1
6569605994631186947,1470085006,20160801,,36,,27,,149560000,140560000,1,1
8494338866855383997,1470092031,20160801,,37,,28,,,,,1
7852962950819420316,1470068169,20160801,,37,1,27,,,,,1
0831511922986457407,1470064297,20160801,,37,1,31,,66900000,61900000,1,1
5844125218048689474,1470103872,20160801,,37,,27,,,,,1
9998597322098588317,1470086006,20160801,,37,1,33,,102200000,97200000,1,1
5716645943728946584,1470080466,20160801,,37,1,23,,,,,1
0872675904537373864,1470077328,20160801,,38,1,27,,,,,1
280571682929338005,1470050783,20160801,,38,1,31,,12990000,8990000,1,1
776631603054327164,1470098971,20160801,,38,,29,,,,,1
4438472402018450050,1470099244,20160801,,38,1,25,,,,,1
5653158844348284938,1470083133,20160801,,39,,18,,,,,1
1584447393095121900,1470084749,20160801,,39,1,27,,,,,1
2083311728526721500,1470057009,20160801,,39,1,22,,,,,1
9391398872833336270,1470112448,20160801,,39,1,23,,,,,1
968561294884812323,1470042371,20160801,,40,,27,,,,,1
3126493267998651969,1470094104,20160801,,41,,27,,,,,1
3536417627277338754,1470070813,20160801,,41,1,31,,,,,1
2114379950016755706,1470106378,20160801,,43,1,39,,,,,1
4166700707688517424,1470041240,20160801,,46,1,31,,,,,1
3047968373711472876,1470111710,20160801,,47,,31,,,,,1
9575408914367036152,1470072632,20160801,,48,,31,,,,,1
7545791097611675575,1470091243,20160801,,49,,35,,105350000,102350000,1,1
611686833011451645,1470089292,20160801,,49,1,32,,,,,1
6997692197808690953,1470060696,20160801,,50,1,30,,,,,1
7551500186331851432,1470072767,20160801,,50,1,33,,,,,1
7589137567725941774,1470075801,20160801,,51,1,43,,29780000,20780000,1,1
2509714289037323244,1470078181,20160801,,53,,37,,149190000,144190000,1,1
4283942788674999975,1470035521,20160801,,53,1,36,,,,,1
0482843755681270604,1470083682,20160801,,53,,25,,,,,1
4166700707688517424,1470046365,20160801,,54,,39,,1592400000,1589400000,1,1
6447038813466046632,1470097376,20160801,,54,1,40,,,,,1
6137206948447331806,1470068400,20160801,,55,,33,,,,,1
9256236123428718637,1470113647,20160801,,56,1,35,,,,,1
9169315450686147323,1470096513,20160801,,59,,27,,,,,1
7612827560465471201,1470062380,20160801,,59,,41,,,,,1
0824839726118485274,1470081893,20160801,,59,,44,,,,,1
1992186447841680750,1470078483,20160801,,59,1,42,,,,,1
8844262168616364981,1470074215,20160801,,59,,40,,,,,1
5027272465564918559,1470106671,20160801,,62,1,46,,,,,1
5141122398348392100,1470084618,20160801,,62,,41,,,,,1
603373162136570069,1470063976,20160801,,64,,64,,,,,1
2788555723243018631,1470077433,20160801,,64,,58,,258000000,250000000,1,1
3648006772930968422,1470076768,20160801,,66,1,38,,,,,1
8879965876172125518,1470119214,20160801,,67,,42,,33180000,27180000,1,1
3047968373711472876,1470114593,20160801,,67,,40,,,,,1
899219447794713043,1470078753,20160801,,69,,49,,,,,1
8160942479431419810,1470071041,20160801,,69,,49,,108800000,105800000,1,1
0107076854070556530,1470088402,20160801,,69,1,40,,,,,1
3884550482186951789,1470095696,20160801,,75,1,50,,,,,1
5760753352577829144,1470095605,20160801,,79,,59,,51990000,47990000,1,1
7291346718031890073,1470077086,20160801,,83,,58,,224880000,219880000,1,1
6452285658468801695,1470078875,20160801,,83,1,60,,35990000,31990000,1,1
7962255080644646828,1470104488,20160801,,85,,57,,,,,1
586253222921981017,1470072804,20160801,,86,,58,,,,,1
5923605856827327918,1470089928,20160801,,90,,58,,,,,1
5542047417982345824,1470067683,20160801,,92,1,60,,,,,1
861704224604980653,1470113508,20160801,,100,1,60,,,,,1
8430240768850820716,1470070112,20160801,,113,,54,,,,,1
1468560120795000800,1470076349,20160801,,115,,61,,,,,1
80533986466271934,1470066153,20160801,,127,,92,,,,,1
4186654201396383023,1470070368,20160801,,162,,55,,,,,1
1727250443336990005,1470109884,20160801,,164,,109,,,,,1
052356344147474292,1470067827,20160801,,196,1,133,,,,,1
8844262168616364981,1470077375,20160801,,229,,103,,118910000,111910000,1,1
5029127815473896624,1470111963,20160801,1,1,,1,,,,,1
3928852209626139730,1470059287,20160801,1,1,1,1,,,,,1
5662025863965519139,1470073466,20160801,1,1,1,1,,,,,1
1604207363880835144,1470105757,20160801,1,1,1,1,,,,,1
7528513440901181253,1470058506,20160801,1,1,1,1,,,,,1
080198934214778432,1470052080,20160801,1,1,,1,,,,,1
1990124622011761658,1470040922,20160801,1,1,,1,,,,,1
7009119803769433580,1470076440,20160801,1,1,1,1,,,,,1
8167395364783512812,1470086743,20160801,1,1,1,1,,,,,1
0351632287593731316,1470041295,20160801,1,1,1,1,,,,,1
5971777881107526146,1470117015,20160801,1,1,1,1,,,,,1
7107176815464557384,1470057933,20160801,1,1,1,1,,,,,1
6624787979965433923,1470076770,20160801,1,1,1,1,,,,,1
0309261886834228457,1470054552,20160801,1,1,1,1,,,,,1
4697285016335702650,1470079578,20160801,1,1,1,1,,,,,1
3129428927447879016,1470114572,20160801,1,1,1,1,,,,,1
8579135825292142984,1470088730,20160801,1,1,,1,,,,,1
392266230239681935,1470054856,20160801,1,1,1,1,,,,,1
7695901877401090294,1470095716,20160801,1,1,1,1,,,,,1
6981996719933297425,1470078949,20160801,1,1,1,1,,,,,1
8510984876472239184,1470067331,20160801,1,1,1,1,,,,,1
1911889996386486443,1470115468,20160801,1,1,1,1,,,,,1
6685546903963120796,1470117913,20160801,1,1,1,1,,,,,1
1521456549459630946,1470117265,20160801,1,1,1,1,,,,,1
9046725463977206675,1470059479,20160801,1,1,1,1,,,,,1
144864139337555048,1470108748,20160801,1,1,1,1,,,,,1
4608869756418155052,1470038895,20160801,1,1,1,1,,,,,1
1020456285225652038,1470067304,20160801,1,1,1,1,,,,,1
0079427215743080908,1470117109,20160801,1,1,1,1,,,,,1
3471645573420610711,1470035501,20160801,1,1,1,1,,,,,1
7206985795926437646,1470105995,20160801,1,1,1,1,,,,,1
4505926956620964959,1470088403,20160801,1,1,1,1,,,,,1
4763700735431436916,1470077574,20160801,1,1,1,1,,,,,1
8765034809774421925,1470119030,20160801,1,1,1,1,,,,,1
9329173529042336568,1470059909,20160801,1,1,1,1,,,,,1
4618653279856513109,1470119123,20160801,1,1,1,1,,,,,1
6137637278685153971,1470051144,20160801,1,1,1,1,,,,,1
9667093370429187242,1470051105,20160801,1,1,1,1,,,,,1
97891891046599615,1470088490,20160801,1,1,1,1,,,,,1
6944032653697399591,1470078463,20160801,1,1,,1,,,,,1
0234145338242275684,1470105831,20160801,1,1,1,1,,,,,1
9114775022253027186,1470104907,20160801,1,1,1,1,,,,,1
6252728131985605340,1470043062,20160801,1,1,1,1,,,,,1
4997324725609587630,1470110868,20160801,1,1,1,1,,,,,1
6685316593393465538,1470049259,20160801,1,1,1,1,,,,,1
7049621865585024582,1470108054,20160801,1,1,1,1,,,,,1
2918177342033193477,1470098889,20160801,1,1,1,1,,,,,1
4483990316616746843,1470055388,20160801,1,1,1,1,,,,,1
0025977935439604602,1470060112,20160801,1,1,1,1,,,,,1
5474821906275306022,1470072496,20160801,1,1,1,1,,,,,1
2111820595965271371,1470060691,20160801,1,1,1,1,,,,,1
7026909036409439552,1470104979,20160801,1,1,1,1,,,,,1
0968127761227271876,1470117083,20160801,1,1,1,1,,,,,1
7130708741364178397,1470099561,20160801,1,1,1,1,,,,,1
8320453596618144081,1470079157,20160801,1,1,1,1,,,,,1
8799198809794781341,1470037053,20160801,1,1,1,1,,,,,1
5154193120534902927,1470057708,20160801,1,1,1,1,,,,,1
4255338625866455517,1470051862,20160801,1,1,1,1,,,,,1
6330455631533399053,1470045096,20160801,1,1,1,1,,,,,1
5990026038672153765,1470115754,20160801,1,1,1,1,,,,,1
67536053455160073,1470091768,20160801,1,1,1,1,,,,,1
1073138688368742388,1470098270,20160801,1,1,1,1,,,,,1
3790758626611627703,1470104373,20160801,1,1,1,1,,,,,1
2940606064926766207,1470100060,20160801,1,1,1,1,,,,,1
3479533665270985361,1470095250,20160801,1,1,1,1,,,,,1
0836088037097586822,1470102903,20160801,1,1,1,1,,,,,1
4214119414676479268,1470071424,20160801,1,1,1,1,,,,,1
858006202985700318,1470071330,20160801,1,1,1,1,,,,,1
0442105167270544631,1470057008,20160801,1,1,1,1,,,,,1
1969153410958587831,1470071407,20160801,1,1,1,1,,,,,1
9099722405227618521,1470104909,20160801,1,1,1,1,,,,,1
7487276299534284111,1470088404,20160801,1,1,1,1,,,,,1
9361209771301584749,1470078921,20160801,1,1,1,1,,,,,1
9464401950735163763,1470072653,20160801,1,1,1,1,,,,,1
922574491169744800,1470078521,20160801,1,1,1,1,,,,,1
638188587265201583,1470105826,20160801,1,1,1,1,,,,,1
6525073043945350608,1470065742,20160801,1,1,1,1,,,,,1
4985318490924606854,1470113478,20160801,1,1,1,1,,,,,1
590779558067584205,1470049694,20160801,1,1,1,1,,,,,1
8109792812849376310,1470062648,20160801,1,1,1,1,,,,,1
2927889798592152633,1470091913,20160801,1,1,1,1,,,,,1
8283810129441513889,1470049181,20160801,1,1,1,1,,,,,1
7838764341093098574,1470041288,20160801,1,1,1,1,,,,,1
8294721032567046680,1470035066,20160801,1,1,1,1,,,,,1
9474148307973386621,1470110026,20160801,1,1,1,1,,,,,1
1080407219030471072,1470035660,20160801,1,1,1,1,,,,,1
0398361149064215083,1470045809,20160801,1,1,1,1,,,,,1
7760710943954712561,1470074787,20160801,1,1,1,1,,,,,1
2037994828532225501,1470059438,20160801,1,1,,1,,,,,1
4481271265454535983,1470084389,20160801,1,1,,1,,,,,1
1676000689866374854,1470077987,20160801,1,1,1,1,,,,,1
0976814349643249846,1470114968,20160801,1,1,1,1,,,,,1
9199626523824756303,1470070091,20160801,1,1,1,1,,,,,1
8159312408158297118,1470061692,20160801,1,1,,1,,,,,1
8474018216191081000,1470072813,20160801,1,1,1,1,,,,,1
0562186149374769502,1470062367,20160801,1,1,1,1,,,,,1
1435025955230028921,1470055258,20160801,1,1,1,1,,,,,1
5108196650822287097,1470037191,20160801,1,1,1,1,,,,,1
660728468089995881,1470042924,20160801,1,1,1,1,,,,,1
5785038159063304723,1470102528,20160801,1,1,1,1,,,,,1
7580620353994317249,1470101963,20160801,1,1,1,1,,,,,1
3666425205905501769,1470062066,20160801,1,1,1,1,,,,,1
9846623940035935960,1470119943,20160801,1,1,1,1,,,,,1
1725308276585330171,1470098941,20160801,1,1,1,1,,,,,1
003651776577235999,1470116375,20160801,1,1,,1,,,,,1
327033764977141463,1470071022,20160801,1,1,1,1,,,,,1
4046429612995809129,1470063623,20160801,1,1,1,1,,,,,1
9760542832537452668,1470113521,20160801,1,1,,1,,,,,1
5700194191672908760,1470064588,20160801,1,1,1,1,,,,,1
8322568724705327982,1470085517,20160801,1,1,1,1,,,,,1
0633063975475430744,1470066499,20160801,1,1,1,1,,,,,1
9436633101493051246,1470043854,20160801,1,1,1,1,,,,,1
8776681126168993881,1470043472,20160801,1,1,1,1,,,,,1
3262223648584960098,1470088142,20160801,1,1,1,1,,,,,1
6893085242089567829,1470110879,20160801,1,1,1,1,,,,,1
1243079914205311089,1470091214,20160801,1,1,1,1,,,,,1
5957423750259408181,1470112987,20160801,1,1,1,1,,,,,1
6100215535001015751,1470090341,20160801,1,1,1,1,,,,,1
8595873831425982023,1470097758,20160801,1,1,1,1,,,,,1
1455796843809624433,1470055361,20160801,1,1,1,1,,,,,1
2333311944959839885,1470111967,20160801,1,1,1,1,,,,,1
8359984296406149602,1470098901,20160801,1,1,1,1,,,,,1
6255503582981118208,1470062735,20160801,1,1,1,1,,,,,1
9287478037704157252,1470042067,20160801,1,1,1,1,,,,,1
2552900096430822095,1470048691,20160801,1,1,,1,,,,,1
6844963729183856381,1470059907,20160801,1,1,1,1,,,,,1
6968098798425025849,1470048401,20160801,1,1,1,1,,,,,1
7689418971224258553,1470052467,20160801,1,1,1,1,,,,,1
6046781218313753516,1470037642,20160801,1,1,1,1,,,,,1
8164125881176952640,1470060579,20160801,1,1,1,1,,,,,1
5022860852733926495,1470115164,20160801,1,1,,1,,,,,1
1695368345034757303,1470112840,20160801,1,1,1,1,,,,,1
625481915509878217,1470086274,20160801,1,1,,1,,,,,1
3883427350764999490,1470080291,20160801,1,1,1,1,,,,,1
0657069409429033180,1470054709,20160801,1,1,1,1,,,,,1
2857437502918013493,1470041012,20160801,1,1,1,1,,,,,1
6211193132567927423,1470108408,20160801,1,1,1,1,,,,,1
3508738339227649691,1470116671,20160801,1,1,1,1,,,,,1
1172811687454727418,1470086696,20160801,1,1,1,1,,,,,1
0839628667412633510,1470063854,20160801,1,1,1,1,,,,,1
9202201639498308332,1470061169,20160801,1,1,1,1,,,,,1
2558540002822570320,1470061530,20160801,1,1,1,1,,,,,1
2669245344272380459,1470088510,20160801,1,1,1,1,,,,,1
5813332623556894546,1470053726,20160801,1,1,1,1,,,,,1
5773287559977076020,1470040289,20160801,1,1,1,1,,,,,1
7768702082988858382,1470068089,20160801,1,1,1,1,,,,,1
1093090588655197774,1470040917,20160801,1,1,1,1,,,,,1
0288239886234913234,1470038462,20160801,1,1,1,1,,,,,1
4451038378553805213,1470045074,20160801,1,1,1,1,,,,,1
8016283019267991827,1470093294,20160801,1,1,1,1,,,,,1
8797105134646815597,1470055924,20160801,1,1,1,1,,,,,1
0042083964115225554,1470051210,20160801,1,1,1,1,,,,,1
5065430801543460130,1470043406,20160801,1,1,1,1,,,,,1
3053719993562684315,1470071394,20160801,1,1,1,1,,,,,1
9006137764424802037,1470085336,20160801,1,1,1,1,,,,,1
3999264289129251252,1470040320,20160801,1,1,1,1,,,,,1
2489200758526354134,1470040645,20160801,1,1,1,1,,,,,1
0682935748502587819,1470049044,20160801,1,1,1,1,,,,,1
9164186243890725026,1470084442,20160801,1,1,1,1,,,,,1
3616491314110893756,1470119916,20160801,1,1,1,1,,,,,1
1339057547270151222,1470040406,20160801,1,1,1,1,,,,,1
3253651853272539416,1470075753,20160801,1,1,1,1,,,,,1
9050669933021276168,1470043612,20160801,1,1,1,1,,,,,1
2079240571198736666,1470116486,20160801,1,1,1,1,,,,,1
2294702657655606625,1470109534,20160801,1,1,1,1,,,,,1
3130905289738126983,1470103731,20160801,1,1,1,1,,,,,1
887616129624175433,1470111641,20160801,1,1,1,1,,,,,1
6018293379739226020,1470093830,20160801,1,1,,1,,,,,1
1094430802645200451,1470078149,20160801,1,1,1,1,,,,,1
0682505114244009252,1470046282,20160801,1,1,1,1,,,,,1
1587168278749165650,1470045865,20160801,1,1,1,1,,,,,1
93247117283883434,1470071491,20160801,1,1,1,1,,,,,1
555255688725948558,1470060032,20160801,1,1,1,1,,,,,1
3078951812687611494,1470040751,20160801,1,1,1,1,,,,,1
1822667241141828138,1470071249,20160801,1,1,1,1,,,,,1
7154277987080329679,1470120908,20160801,1,1,1,1,,,,,1
9486227257266224600,1470046938,20160801,1,1,1,1,,,,,1
4532296965158457303,1470085079,20160801,1,1,1,1,,,,,1
457214241626610394,1470115806,20160801,1,1,1,1,,,,,1
9475218557205932703,1470066332,20160801,1,1,1,1,,,,,1
7504889983163117126,1470105395,20160801,1,1,1,1,,,,,1
3091639795759573425,1470114823,20160801,1,1,1,1,,,,,1
9837978791217899377,1470088436,20160801,1,1,1,1,,,,,1
6647309909049213206,1470091685,20160801,1,1,1,1,,,,,1
8195001505868396741,1470107420,20160801,1,1,1,1,,,,,1
0437133959846345774,1470048854,20160801,1,1,1,1,,,,,1
4929550865690366154,1470103720,20160801,1,1,1,1,,,,,1
1350324852240259946,1470056446,20160801,1,1,,1,,,,,1
7322635117605532717,1470100408,20160801,1,1,,1,,,,,1
4986010567032832644,1470097238,20160801,1,1,1,1,,,,,1
7477561702457594445,1470074771,20160801,1,1,1,1,,,,,1
24412857959273882,1470084204,20160801,1,1,1,1,,,,,1
9555035232793636463,1470093749,20160801,1,1,1,1,,,,,1
1925176185252781780,1470065834,20160801,1,1,1,1,,,,,1
4308306428440772044,1470090828,20160801,1,1,1,1,,,,,1
3024718569748039664,1470037559,20160801,1,1,1,1,,,,,1
7184487151673046316,1470044965,20160801,1,1,1,1,,,,,1
6654049146734718373,1470063391,20160801,1,1,1,1,,,,,1
3051275176717293727,1470117192,20160801,1,1,1,1,,,,,1
4929790064757999815,1470048502,20160801,1,1,1,1,,,,,1
1495677183247170721,1470113059,20160801,1,1,1,1,,,,,1
8296788127614611712,1470046884,20160801,1,1,1,1,,,,,1
3715978902848327513,1470118714,20160801,1,1,1,1,,,,,1
1932210341172383153,1470096964,20160801,1,1,1,1,,,,,1
08799336118134333,1470057157,20160801,1,1,1,1,,,,,1
0450412367579811585,1470085747,20160801,1,1,1,1,,,,,1
5517621353235247073,1470097486,20160801,1,1,,1,,,,,1
5893678746287429244,1470045276,20160801,1,1,1,1,,,,,1
8157902770827064364,1470088632,20160801,1,1,1,1,,,,,1
1709529109999406361,1470048820,20160801,1,1,1,1,,,,,1
5517621353235247073,1470068721,20160801,1,1,1,1,,,,,1
8551077271351797351,1470099075,20160801,1,1,1,1,,,,,1
7791775244006378690,1470041199,20160801,1,1,1,1,,,,,1
0256969138030150513,1470059709,20160801,1,1,1,1,,,,,1
8935864145581700646,1470066671,20160801,1,1,,1,,,,,1
597822212189713615,1470055688,20160801,1,1,1,1,,,,,1
8738857132257941246,1470052510,20160801,1,1,1,1,,,,,1
6230901238269019820,1470088824,20160801,1,1,1,1,,,,,1
3082948927913895278,1470060624,20160801,1,1,1,1,,,,,1
7746278488715410365,1470087435,20160801,1,1,1,1,,,,,1
5475484100500416739,1470089685,20160801,1,1,1,1,,,,,1
3648755406707989361,1470118459,20160801,1,1,1,1,,,,,1
0541183904005115502,1470046158,20160801,1,1,1,1,,,,,1
9943663531673570065,1470073803,20160801,1,1,1,1,,,,,1
3849270960605514919,1470089153,20160801,1,1,1,1,,,,,1
54770852795047271,1470116651,20160801,1,1,1,1,,,,,1
7951900688405132460,1470071603,20160801,1,1,1,1,,,,,1
9102741060017752319,1470053005,20160801,1,1,,1,,,,,1
9376975117153658474,1470058787,20160801,1,1,1,1,,,,,1
4760235141189252609,1470120649,20160801,1,1,1,1,,,,,1
7656587559912403821,1470066316,20160801,1,1,1,1,,,,,1
9021696951412517458,1470108814,20160801,1,1,1,1,,,,,1
8042741146307090456,1470062728,20160801,1,1,1,1,,,,,1
8464773078373632970,1470082750,20160801,1,1,1,1,,,,,1
3419669627861736862,1470115412,20160801,1,1,1,1,,,,,1
0928745519437011970,1470046086,20160801,1,1,1,1,,,,,1
513886866110565645,1470040946,20160801,1,1,1,1,,,,,1
8774393352842610448,1470072620,20160801,1,1,1,1,,,,,1
4563497354061145469,1470108343,20160801,1,1,1,1,,,,,1
2219083861067234848,1470052486,20160801,1,1,1,1,,,,,1
595119749679693320,1470104648,20160801,1,1,,1,,,,,1
5991228058547501344,1470051634,20160801,1,1,1,1,,,,,1
6410673241613222128,1470110325,20160801,1,1,1,1,,,,,1
6613768346308896515,1470039388,20160801,1,1,1,1,,,,,1
6771919507730111732,1470056114,20160801,1,1,1,1,,,,,1
4048366522770228816,1470077513,20160801,1,1,1,1,,,,,1
1502413680674337747,1470038422,20160801,1,1,1,1,,,,,1
8126641317511045537,1470067930,20160801,1,1,1,1,,,,,1
1619872195970328102,1470112532,20160801,1,1,1,1,,,,,1
9694501276331431503,1470045048,20160801,1,1,1,1,,,,,1
0014659935183303341,1470037282,20160801,1,1,1,1,,,,,1
2133194745753212880,1470073543,20160801,1,1,1,1,,,,,1
2816859265741542730,1470056255,20160801,1,1,1,1,,,,,1
4429356676245613649,1470039780,20160801,1,1,,1,,,,,1
0287510927831363599,1470114851,20160801,1,1,,1,,,,,1
0384906281804405327,1470082920,20160801,1,1,1,1,,,,,1
0692355001768213534,1470109899,20160801,1,1,1,1,,,,,1
2867973540673774992,1470077377,20160801,1,1,1,1,,,,,1
1973141857570929749,1470060037,20160801,1,1,1,1,,,,,1
2645609099951382287,1470063556,20160801,1,1,1,1,,,,,1
1314497717166228426,1470067557,20160801,1,1,1,1,,,,,1
0080760683323142499,1470058116,20160801,1,1,1,1,,,,,1
6000761869466133065,1470055418,20160801,1,1,1,1,,,,,1
7470951958509199514,1470086320,20160801,1,1,1,1,,,,,1
7184487151673046316,1470062104,20160801,1,1,,1,,,,,1
3059431403856583524,1470054711,20160801,1,1,1,1,,,,,1
2495723586080643308,1470092818,20160801,1,1,1,1,,,,,1
5378542857601113620,1470057750,20160801,1,1,1,1,,,,,1
0566407148965152958,1470065318,20160801,1,1,1,1,,,,,1
4884455476818280849,1470061009,20160801,1,1,1,1,,,,,1
1851976036680654743,1470090411,20160801,1,1,1,1,,,,,1
6708319017967328300,1470079738,20160801,1,1,1,1,,,,,1
5736350478420662495,1470095345,20160801,1,1,1,1,,,,,1
0111906821496162306,1470088720,20160801,1,1,1,1,,,,,1
8012683933611035744,1470042669,20160801,1,1,1,1,,,,,1
0179101093805446612,1470090882,20160801,1,1,1,1,,,,,1
2759203598427661079,1470062210,20160801,1,1,1,1,,,,,1
2255577648563142460,1470049620,20160801,1,1,1,1,,,,,1
010194374190315829,1470118167,20160801,1,1,1,1,,,,,1
5729477924073780852,1470045956,20160801,1,1,1,1,,,,,1
5334700241944481702,1470064920,20160801,1,1,1,1,,,,,1
858930805180682097,1470052482,20160801,1,1,1,1,,,,,1
0782782526666082987,1470069614,20160801,1,1,,1,,,,,1
3835585973945783512,1470114254,20160801,1,1,1,1,,,,,1
1158938362149036198,1470040426,20160801,1,1,1,1,,,,,1
3022340584412499283,1470073966,20160801,1,1,1,1,,,,,1
3086058526760540706,1470106163,20160801,1,1,1,1,,,,,1
9297654036665552990,1470117863,20160801,1,1,,1,,,,,1
9835570265455272338,1470059544,20160801,1,1,1,1,,,,,1
0123202277034902712,1470063118,20160801,1,1,1,1,,,,,1
2090456244473009269,1470120677,20160801,1,1,1,1,,,,,1
1815355298576516673,1470109594,20160801,1,1,1,1,,,,,1
7784757853442651756,1470112344,20160801,1,1,1,1,,,,,1
995111825143782124,1470079830,20160801,1,1,1,1,,,,,1
1232672009879117944,1470090647,20160801,1,1,1,1,,,,,1
5652022620268624563,1470065164,20160801,1,1,1,1,,,,,1
8069825646783628399,1470095682,20160801,1,1,1,1,,,,,1
8783794487946811714,1470106487,20160801,1,1,1,1,,,,,1
1824100406848224588,1470117732,20160801,1,1,1,1,,,,,1
0627106172682736405,1470110330,20160801,1,1,1,1,,,,,1
8197462018776949649,1470088202,20160801,1,1,1,1,,,,,1
5372722797469816494,1470095683,20160801,1,1,1,1,,,,,1
090388644681259327,1470097996,20160801,1,1,1,1,,,,,1
8950752670468470880,1470086581,20160801,1,1,1,1,,,,,1
6256902362089067902,1470097985,20160801,1,1,1,1,,,,,1
534090547211274014,1470074834,20160801,1,1,1,1,,,,,1
197268420725905111,1470119193,20160801,1,1,1,1,,,,,1
5888378395111290244,1470117202,20160801,1,1,1,1,,,,,1
311728372018703952,1470111315,20160801,1,1,1,1,,,,,1
542056571636185785,1470067727,20160801,1,1,1,1,,,,,1
7233056391383603654,1470065750,20160801,1,1,,1,,,,,1
3488053850670143533,1470081800,20160801,1,1,1,1,,,,,1
3097568124986562087,1470064031,20160801,1,1,,1,,,,,1
1685602050096206247,1470049759,20160801,1,1,,1,,,,,1
1623220960837677586,1470088675,20160801,1,1,1,1,,,,,1
1333690623776707769,1470093252,20160801,1,1,1,1,,,,,1
6107229716178617930,1470094529,20160801,1,1,1,1,,,,,1
3867671661659082968,1470059931,20160801,1,1,1,1,,,,,1
6004618674730269918,1470085094,20160801,1,1,1,1,,,,,1
7195966922741455630,1470036498,20160801,1,1,1,1,,,,,1
2734810493655863326,1470077208,20160801,1,1,,1,,,,,1
6366316989927168370,1470094737,20160801,1,1,,1,,,,,1
906139263149526246,1470069362,20160801,1,1,1,1,,,,,1
1221683911086263327,1470086230,20160801,1,1,1,1,,,,,1
2638567429374804927,1470116120,20160801,1,1,1,1,,,,,1
7783419426759984284,1470095227,20160801,1,1,1,1,,,,,1
391832147797559559,1470049548,20160801,1,1,1,1,,,,,1
8499733145178444169,1470047511,20160801,1,1,1,1,,,,,1
2664056318278431156,1470090216,20160801,1,1,1,1,,,,,1
0539413992997139766,1470111223,20160801,1,1,,1,,,,,1
9944115594178770946,1470095306,20160801,1,1,,1,,,,,1
9332940312639228882,1470043754,20160801,1,1,1,1,,,,,1
4842874549492287552,1470047327,20160801,1,1,1,1,,,,,1
8231985909853434992,1470053912,20160801,1,1,1,1,,,,,1
4652287826732444235,1470058697,20160801,1,1,,1,,,,,1
1586868266476732175,1470078737,20160801,1,1,1,1,,,,,1
6449391852916941365,1470075217,20160801,1,1,1,1,,,,,1
796776238303447639,1470065461,20160801,1,1,,1,,,,,1
476419139818968912,1470059343,20160801,1,1,1,1,,,,,1
2040429609628789402,1470113921,20160801,1,1,,1,,,,,1
4519579316106061221,1470074179,20160801,1,1,1,1,,,,,1
1416501495461232400,1470108073,20160801,1,1,1,1,,,,,1
0948227249440399192,1470062702,20160801,1,1,1,1,,,,,1
0233470704323760007,1470045423,20160801,1,1,,1,,,,,1
3259411844793303374,1470079381,20160801,1,1,1,1,,,,,1
3652538119409785696,1470093488,20160801,1,1,1,1,,,,,1
7180771470273032233,1470037369,20160801,1,1,1,1,,,,,1
4597308409158508498,1470067081,20160801,1,1,1,1,,,,,1
1768021879618184521,1470065409,20160801,1,1,1,1,,,,,1
4125846441958941515,1470109530,20160801,1,1,1,1,,,,,1
8347572489346024612,1470101414,20160801,1,1,1,1,,,,,1
9333275846835376480,1470063556,20160801,1,1,1,1,,,,,1
9405012143119882566,1470087618,20160801,1,1,1,1,,,,,1
4652287826732444235,1470071216,20160801,1,1,,1,,,,,1
9234156111722725905,1470035429,20160801,1,1,,1,,,,,1
0578484710847149395,1470059220,20160801,1,1,1,1,,,,,1
8942907331325175738,1470110765,20160801,1,1,1,1,,,,,1
7272603699024978497,1470083980,20160801,1,1,,1,,,,,1
188467669290923231,1470095313,20160801,1,1,1,1,,,,,1
5186861455885306495,1470068817,20160801,1,1,1,1,,,,,1
7204296105950946324,1470084966,20160801,1,1,1,1,,,,,1
5765613965607610163,1470069939,20160801,1,1,1,1,,,,,1
0975199857190033636,1470088005,20160801,1,1,1,1,,,,,1
4052177266351383392,1470111093,20160801,1,1,1,1,,,,,1
1992186447841680750,1470091715,20160801,1,1,,1,,,,,1
3483578416163230629,1470062737,20160801,1,1,1,1,,,,,1
3121470346610517012,1470060006,20160801,1,1,1,1,,,,,1
4652287826732444235,1470056313,20160801,1,1,,1,,,,,1
7273185834724919018,1470075722,20160801,1,1,1,1,,,,,1
6668699823160749167,1470063676,20160801,1,1,1,1,,,,,1
2971589585119137431,1470089301,20160801,1,1,1,1,,,,,1
4783706315047752370,1470062651,20160801,1,1,1,1,,,,,1
3162605645011029759,1470041361,20160801,1,1,1,1,,,,,1
5833561444608362232,1470047165,20160801,1,1,1,1,,,,,1
079785550312480399,1470103322,20160801,1,1,,1,,,,,1
8884488727640389565,1470098493,20160801,1,1,1,1,,,,,1
0512157711741253330,1470069655,20160801,1,1,,1,,,,,1
2361382689624783664,1470079454,20160801,1,1,1,1,,,,,1
426334503418339249,1470043580,20160801,1,1,1,1,,,,,1
6336947347957369770,1470078700,20160801,1,1,1,1,,,,,1
364531667078624724,1470084889,20160801,1,1,1,1,,,,,1
8807827905511003249,1470070094,20160801,1,1,1,1,,,,,1
7180275614450996653,1470088139,20160801,1,1,1,1,,,,,1
8113673224304423345,1470088628,20160801,1,1,1,1,,,,,1
9906757708231207408,1470103444,20160801,1,1,1,1,,,,,1
5020449789759541117,1470050814,20160801,1,1,1,1,,,,,1
5220081523633286580,1470055640,20160801,1,1,1,1,,,,,1
1244181925096404728,1470083853,20160801,1,1,1,1,,,,,1
4948931523491427211,1470057928,20160801,1,1,1,1,,,,,1
4943724707143454002,1470074332,20160801,1,1,1,1,,,,,1
5408757094730735604,1470039998,20160801,1,1,1,1,,,,,1
1338868737448099505,1470044680,20160801,1,1,1,1,,,,,1
5216871142837129848,1470091554,20160801,1,1,1,1,,,,,1
6068822397105790135,1470091705,20160801,1,1,1,1,,,,,1
0512157711741253330,1470069653,20160801,1,1,,1,,,,,1
7209704949625703251,1470089369,20160801,1,1,,1,,,,,1
6758157348271262903,1470051234,20160801,1,1,1,1,,,,,1
5462604146899553341,1470066018,20160801,1,1,1,1,,,,,1
5468111842100914639,1470069915,20160801,1,1,1,1,,,,,1
7365587847961481243,1470089632,20160801,1,1,1,1,,,,,1
1989078065641173736,1470037420,20160801,1,1,1,1,,,,,1
7702887595038220497,1470066778,20160801,1,1,1,1,,,,,1
8523047204257412218,1470057978,20160801,1,1,1,1,,,,,1
7403418739058603889,1470105605,20160801,1,1,1,1,,,,,1
4142792746224821185,1470043952,20160801,1,1,1,1,,,,,1
4450011993608795253,1470073796,20160801,1,1,1,1,,,,,1
9767128755424990396,1470094635,20160801,1,1,1,1,,,,,1
3424885272218138036,1470089593,20160801,1,1,1,1,,,,,1
2023230048919746133,1470071892,20160801,1,1,1,1,,,,,1
2450602019453041409,1470094481,20160801,1,1,1,1,,,,,1
893148638848434176,1470118400,20160801,1,1,1,1,,,,,1
2418639785325617071,1470052924,20160801,1,1,1,1,,,,,1
1081139066205636478,1470042976,20160801,1,1,1,1,,,,,1
5692101275868168807,1470077744,20160801,1,1,1,1,,,,,1
8518736572243003083,1470082924,20160801,1,1,,1,,,,,1
7595452521537632742,1470059895,20160801,1,1,,1,,,,,1
1498131993201949523,1470106125,20160801,1,1,,1,,,,,1
3083392203472914734,1470115060,20160801,1,1,1,1,,,,,1
2282779651086596448,1470063481,20160801,1,1,1,1,,,,,1
1685602050096206247,1470108791,20160801,1,1,,1,,,,,1
8315566408611847400,1470059953,20160801,1,1,,1,,,,,1
4005479203420016741,1470054385,20160801,1,1,1,1,,,,,1
726716959010194520,1470103875,20160801,1,1,1,1,,,,,1
7010293814475229513,1470049239,20160801,1,1,1,1,,,,,1
5414445215073031471,1470073114,20160801,1,1,1,1,,,,,1
155382455717322440,1470064807,20160801,1,1,1,1,,,,,1
5285909961694511050,1470069195,20160801,1,1,1,1,,,,,1
3204977659528391251,1470038276,20160801,1,1,1,1,,,,,1
1610784985399282869,1470093422,20160801,1,1,1,1,,,,,1
0068219692889395306,1470080107,20160801,1,1,1,1,,,,,1
4652287826732444235,1470065576,20160801,1,1,,1,,,,,1
5628482334003706355,1470093925,20160801,1,1,1,1,,,,,1
4401382581757781,1470096928,20160801,1,1,1,1,,,,,1
2676803576343975794,1470083725,20160801,1,1,1,1,,,,,1
1919221904694879983,1470055630,20160801,1,1,1,1,,,,,1
4384864789216760736,1470073172,20160801,1,1,1,1,,,,,1
2636107084457150438,1470092474,20160801,1,1,1,1,,,,,1
3126038196679003379,1470070654,20160801,1,1,1,1,,,,,1
302697950540819161,1470093873,20160801,1,1,1,1,,,,,1
7977960939819997652,1470081096,20160801,1,1,1,1,,,,,1
9409735706170093089,1470079128,20160801,1,1,1,1,,,,,1
3749537503973982470,1470086199,20160801,1,1,1,1,,,,,1
7492544341773247322,1470113711,20160801,1,1,1,1,,,,,1
649784964461836294,1470095307,20160801,1,1,1,1,,,,,1
9776692192051678187,1470073203,20160801,1,1,1,1,,,,,1
2973902145014289149,1470052321,20160801,1,1,1,1,,,,,1
4757151207311859905,1470062801,20160801,1,1,1,1,,,,,1
8139772740148979756,1470063578,20160801,1,1,1,1,,,,,1
1725449566279895303,1470105269,20160801,1,1,1,1,,,,,1
2308841794297013914,1470070023,20160801,1,1,,1,,,,,1
9503909815703534417,1470114813,20160801,1,1,1,1,,,,,1
1308253240518311498,1470062922,20160801,1,1,1,1,,,,,1
9784245170686568780,1470074022,20160801,1,1,1,1,,,,,1
5761600662292757982,1470053485,20160801,1,1,1,1,,,,,1
2798490856916259678,1470071861,20160801,1,1,1,1,,,,,1
2863393495106393918,1470055426,20160801,1,1,1,1,,,,,1
7633141072508257313,1470096003,20160801,1,1,1,1,,,,,1
1727250443336990005,1470109811,20160801,1,1,1,1,,,,,1
0036734869235166970,1470049201,20160801,1,1,1,1,,,,,1
9923115678580928474,1470074536,20160801,1,1,1,1,,,,,1
0634817412526733144,1470099761,20160801,1,1,1,1,,,,,1
4475992693303749595,1470109669,20160801,1,1,1,1,,,,,1
8443152750706781913,1470076252,20160801,1,1,,1,,,,,1
384088448748841648,1470092714,20160801,1,1,,1,,,,,1
8430240768850820716,1470066464,20160801,1,1,,1,,,,,1
5375690402753857650,1470099528,20160801,1,1,1,1,,,,,1
6952119042958975545,1470044619,20160801,1,1,1,1,,,,,1
0238278900894838748,1470073228,20160801,1,1,1,1,,,,,1
8585173466315759215,1470078120,20160801,1,1,,1,,,,,1
2497404271902135456,1470094424,20160801,1,1,1,1,,,,,1
5946672336805397304,1470074858,20160801,1,1,,1,,,,,1
4652287826732444235,1470053579,20160801,1,1,,1,,,,,1
1492602573213666603,1470044332,20160801,1,1,1,1,,,,,1
6709605006830148657,1470065022,20160801,1,1,1,1,,,,,1
861704224604980653,1470115540,20160801,1,1,,1,,,,,1
9386916489511923911,1470066066,20160801,1,1,1,1,,,,,1
3523326200557497005,1470067087,20160801,1,1,1,1,,,,,1
9053860080697914688,1470071566,20160801,1,1,1,1,,,,,1
9880469203491713273,1470069147,20160801,1,1,,1,,,,,1
4652287826732444235,1470079360,20160801,1,1,,1,,,,,1
0965798441866044574,1470075595,20160801,1,1,1,1,,,,,1
6938457584786898565,1470109975,20160801,1,1,1,1,,,,,1
9156455213751523745,1470052319,20160801,1,1,1,1,,,,,1
7897082449499228899,1470081236,20160801,1,1,1,1,,,,,1
9631957696577184381,1470047550,20160801,1,1,1,1,,,,,1
0225180756322086961,1470088092,20160801,1,1,1,1,,,,,1
6183112800600231303,1470042292,20160801,1,1,1,1,,,,,1
2488464858794430073,1470077489,20160801,1,1,1,1,,,,,1
6232830708442381025,1470052791,20160801,1,1,1,1,,,,,1
8864185487518136103,1470073615,20160801,1,1,1,1,,,,,1
1007671272242791999,1470056766,20160801,1,1,1,1,,,,,1
2935188294263182152,1470063285,20160801,1,1,1,1,,,,,1
350163692909705652,1470063432,20160801,1,1,,1,,,,,1
2797836219124187807,1470104875,20160801,1,1,1,1,,,,,1
1194014264023391501,1470061644,20160801,1,1,1,1,,,,,1
4539726134771771711,1470056635,20160801,1,1,1,1,,,,,1
8460830690164908023,1470063172,20160801,1,1,,1,,,,,1
143953260196124648,1470109632,20160801,1,1,,1,,,,,1
292215863796392689,1470079328,20160801,1,1,1,1,,,,,1
1657243834688898976,1470086401,20160801,1,1,1,1,,,,,1
893751538499573956,1470077326,20160801,1,1,1,1,,,,,1
8652973185415391602,1470082137,20160801,1,1,1,1,,,,,1
5120984078580018049,1470060837,20160801,1,1,1,1,,,,,1
1938701249830982521,1470060672,20160801,1,1,1,1,,,,,1
7968659321982517566,1470104222,20160801,1,1,1,1,,,,,1
9919775020461223195,1470079268,20160801,1,1,,1,,,,,1
5641813888175115996,1470074954,20160801,1,1,,1,,,,,1
9998494082757181208,1470072494,20160801,1,1,1,1,,,,,1
3232063550698301055,1470101099,20160801,1,1,1,1,,,,,1
2040429609628789402,1470098760,20160801,1,1,,1,,,,,1
8090884101253732531,1470052902,20160801,1,1,1,1,,,,,1
769388239918029956,1470066366,20160801,1,1,,1,,,,,1
3779933771588936390,1470074472,20160801,1,1,,1,,,,,1
4246577391598151598,1470068120,20160801,1,1,,1,,,,,1
3311149337757194338,1470042867,20160801,1,1,1,1,,,,,1
1092278015021050527,1470086293,20160801,1,1,1,1,,,,,1
2213191339240555860,1470085295,20160801,1,1,,1,,,,,1
1447660470458840050,1470057240,20160801,1,1,1,1,,,,,1
7772079039007468977,1470077455,20160801,1,1,1,1,,,,,1
7394165545362887055,1470044425,20160801,1,1,,1,,,,,1
4408040426075161227,1470063377,20160801,1,1,1,1,,,,,1
1110352826809718840,1470116395,20160801,1,1,1,1,,,,,1
4625303162432050331,1470042866,20160801,1,1,1,1,,,,,1
9066503657481474837,1470116986,20160801,1,1,1,1,,,,,1
4187677473228128704,1470044629,20160801,1,1,1,1,,,,,1
2347241930366920544,1470066905,20160801,1,1,1,1,,,,,1
9573262732534488684,1470104513,20160801,1,1,1,1,,,,,1
5570055668173869692,1470054310,20160801,1,1,1,1,,,,,1
1709298781580419163,1470089851,20160801,1,1,1,1,,,,,1
143953260196124648,1470035292,20160801,1,1,,1,,,,,1
151583202631753728,1470048734,20160801,1,1,,1,,,,,1
1315737692752879214,1470077913,20160801,1,1,1,1,,,,,1
4991561811018569723,1470074391,20160801,1,1,1,1,,,,,1
8842322787175138234,1470075625,20160801,1,1,1,1,,,,,1
2873642522152808731,1470077461,20160801,1,1,1,1,,,,,1
5403925969319345361,1470085251,20160801,1,1,1,1,,,,,1
4578640586284138624,1470095355,20160801,1,1,,1,,,,,1
5202567874210594297,1470039423,20160801,1,1,,1,,,,,1
6554972514486895793,1470102105,20160801,1,1,1,1,,,,,1
3248367829168596609,1470087184,20160801,1,1,1,1,,,,,1
9432675398065035916,1470041267,20160801,1,1,1,1,,,,,1
5651861763705720283,1470101755,20160801,1,1,1,1,,,,,1
2169084821001691064,1470071703,20160801,1,1,1,1,,,,,1
711432706839362141,1470085135,20160801,1,1,1,1,,,,,1
6680094089236180217,1470090861,20160801,1,1,1,1,,,,,1
7965130316907003624,1470061364,20160801,1,1,,1,,,,,1
5699405593618370086,1470067016,20160801,1,1,1,1,,,,,1
6850060881061117685,1470083120,20160801,1,1,,1,,,,,1
7221578135604575591,1470073580,20160801,1,1,1,1,,,,,1
5055318098307741379,1470036672,20160801,1,1,1,1,,,,,1
1685602050096206247,1470117980,20160801,1,1,,1,,,,,1
0284225352837835895,1470087521,20160801,1,1,1,1,,,,,1
4703900907627844850,1470066190,20160801,1,1,,1,,,,,1
8265862694719602421,1470035742,20160801,1,1,1,1,,,,,1
3061442843679452103,1470053475,20160801,1,1,1,1,,,,,1
6953748995972109762,1470046817,20160801,1,1,1,1,,,,,1
5472469664923481625,1470111853,20160801,1,1,1,1,,,,,1
3030113936939242666,1470069393,20160801,1,1,1,1,,,,,1
4908197409515839782,1470120003,20160801,1,1,1,1,,,,,1
5883538692283076770,1470053779,20160801,1,1,1,1,,,,,1
3746959242497212747,1470121084,20160801,1,1,1,1,,,,,1
2013012615043078799,1470106364,20160801,1,1,1,1,,,,,1
9837097202588520944,1470057670,20160801,1,1,1,1,,,,,1
3965109796773872685,1470075331,20160801,1,1,1,1,,,,,1
2213191339240555860,1470088653,20160801,1,1,,1,,,,,1
4850600942134994335,1470090531,20160801,1,1,1,1,,,,,1
3693373653741415346,1470075949,20160801,1,1,1,1,,,,,1
002855959112934473,1470041442,20160801,1,1,1,1,,,,,1
3097977841301344292,1470093811,20160801,1,1,1,1,,,,,1
2159622139970106281,1470071643,20160801,1,1,1,1,,,,,1
831529806811845971,1470089232,20160801,1,1,,1,,,,,1
6052333928516105307,1470097433,20160801,1,1,1,1,,,,,1
5383719560294566090,1470089859,20160801,1,1,1,1,,,,,1
8297839629703521359,1470076577,20160801,1,1,1,1,,,,,1
6367267394223441622,1470100692,20160801,1,1,1,1,,,,,1
073493434876149875,1470102721,20160801,1,1,1,1,,,,,1
0241637905936274121,1470079501,20160801,1,1,1,1,,,,,1
7949071502503761007,1470046889,20160801,1,1,1,1,,,,,1
16454217945357461,1470099202,20160801,1,1,,1,,,,,1
3563131925654510207,1470073909,20160801,1,1,1,1,,,,,1
3005621515077986929,1470097390,20160801,1,1,,1,,,,,1
7570839752888809028,1470085575,20160801,1,1,1,1,,,,,1
3705338764625512665,1470068696,20160801,1,1,,1,,,,,1
7373456526061393285,1470076712,20160801,1,1,1,1,,,,,1
7948761008238376653,1470113302,20160801,1,1,1,1,,,,,1
9459384188253198762,1470079413,20160801,1,1,1,1,,,,,1
4309210728912777629,1470101529,20160801,1,1,1,1,,,,,1
1020318604011294023,1470051482,20160801,1,1,1,1,,,,,1
1091402562926705962,1470053612,20160801,1,1,1,1,,,,,1
163871097857735731,1470116267,20160801,1,1,1,1,,,,,1
1925600224127308411,1470074162,20160801,1,1,1,1,,,,,1
2883953341277777482,1470048780,20160801,1,1,,1,,,,,1
842695415836236209,1470047035,20160801,1,1,1,1,,,,,1
6336201826525833700,1470108661,20160801,1,1,,1,,,,,1
2297000571387202062,1470096443,20160801,1,1,1,1,,,,,1
2883953341277777482,1470044683,20160801,1,1,,1,,,,,1
7294782993191958078,1470102228,20160801,1,1,1,1,,,,,1
5874622223792422534,1470084913,20160801,1,1,1,1,,,,,1
3896017612841392267,1470109984,20160801,1,1,1,1,,,,,1
2898891108701526100,1470116071,20160801,1,1,,1,,,,,1
418865663414800452,1470072710,20160801,1,1,1,1,,,,,1
4278704657257301492,1470077059,20160801,1,1,1,1,,,,,1
2530837614427752394,1470063514,20160801,1,1,,1,,,,,1
7336111418356994091,1470054474,20160801,1,1,1,1,,,,,1
558694916414120794,1470067148,20160801,1,1,1,1,,,,,1
4942265173689980027,1470044633,20160801,1,1,1,1,,,,,1
2345152707971951989,1470066764,20160801,1,1,1,1,,,,,1
4615221069044086746,1470103763,20160801,1,1,1,1,,,,,1
0888352802978309784,1470073493,20160801,1,1,1,1,,,,,1
831529806811845971,1470098215,20160801,1,1,,1,,,,,1
5751009969575920290,1470106674,20160801,1,1,1,1,,,,,1
6790196912687943685,1470089158,20160801,1,1,1,1,,,,,1
6918155864256739565,1470111184,20160801,1,1,1,1,,,,,1
5076747981380011349,1470035170,20160801,1,1,1,1,,,,,1
1996019318296556470,1470118934,20160801,1,1,1,1,,,,,1
6091712405716575101,1470056335,20160801,1,1,1,1,,,,,1
2990657282648176560,1470066804,20160801,,2,1,2,,,,,1
9851107651996158393,1470073435,20160801,,2,1,2,,,,,1
6972990228114870168,1470074408,20160801,,2,1,2,,,,,1
7198101287270806110,1470039979,20160801,,2,1,2,,,,,1
4109437900902312096,1470096916,20160801,,2,1,2,,,,,1
0483345007930710185,1470084471,20160801,,2,1,2,,,,,1
4827471780080211387,1470051053,20160801,,2,1,2,,,,,1
3829608467688460896,1470070276,20160801,,2,,2,,,,,1
1864283431927160986,1470053227,20160801,,2,1,2,,,,,1
555255688725948558,1470066847,20160801,,2,,2,,,,,1
5916967136802979782,1470100973,20160801,,2,1,2,,,,,1
3018790778434377447,1470083323,20160801,,2,1,1,,,,,1
5124363637038569400,1470071619,20160801,,2,1,2,,,,,1
3518866559420072651,1470118733,20160801,,2,1,2,,,,,1
8105685042100471238,1470067877,20160801,,2,1,2,,,,,1
5507371724173191924,1470063073,20160801,,2,1,2,,,,,1
773380786527880541,1470104087,20160801,,2,1,2,,,,,1
2124123299417531922,1470099308,20160801,,2,1,2,,,,,1
1176904343856971981,1470067732,20160801,,2,1,2,,,,,1
0030653393617659458,1470052861,20160801,,2,1,2,,,,,1
3764926612197340903,1470048045,20160801,,2,1,2,,,,,1
7052983012537569190,1470095978,20160801,,2,1,2,,,,,1
8679175805931046943,1470076250,20160801,,2,1,1,,,,,1
1308892609838770664,1470096419,20160801,,2,1,2,,,,,1
7926327538769640111,1470107391,20160801,,2,1,2,,,,,1
3649768904137963114,1470041359,20160801,,2,1,2,,,,,1
5294920588848318216,1470047151,20160801,,2,1,2,,,,,1
3873612752714524710,1470091322,20160801,,2,1,2,,,,,1
4962655910256254391,1470085848,20160801,1,2,1,1,,,,,1
2869207996367737555,1470045794,20160801,,2,1,2,,,,,1
5479291990205277,1470070287,20160801,,2,1,2,,,,,1
425363421029532836,1470082219,20160801,,2,1,2,,,,,1
0793894714334414573,1470037730,20160801,,2,1,2,,,,,1
1161341769746810719,1470070959,20160801,,2,1,2,,,,,1
6787977083055740493,1470050834,20160801,,2,1,1,,,,,1
596434846461499945,1470053068,20160801,,2,1,2,,,,,1
7042391147528588088,1470045296,20160801,,2,1,2,,,,,1
7133602605072127950,1470079794,20160801,,2,1,2,,,,,1
6596829540463051846,1470061377,20160801,,2,1,2,,,,,1
7447285778026883579,1470113392,20160801,,2,1,2,,,,,1
419096398455299755,1470055904,20160801,1,2,1,1,,,,,1
3075297424114413471,1470058262,20160801,,2,1,2,,,,,1
8159312408158297118,1470080273,20160801,,2,,2,,,,,1
4261104097533511742,1470075394,20160801,,2,1,2,,,,,1
5817604312711965479,1470052441,20160801,,2,1,2,,,,,1
9637317595550049769,1470075069,20160801,,2,,2,,,,,1
7451681150246556439,1470065296,20160801,,2,,2,,,,,1
7530835025978047273,1470070071,20160801,,2,1,2,,,,,1
4892918202164561067,1470087162,20160801,,2,,2,,,,,1
8613727815538479931,1470074509,20160801,,2,1,2,,,,,1
1314991181138104250,1470104064,20160801,,2,,2,,,,,1
5542047417982345824,1470070643,20160801,,2,,2,,,,,1
5832702976406493104,1470074351,20160801,,2,1,2,,,,,1
2968198904310902260,1470079670,20160801,,2,1,2,,,,,1
8155914168070068086,1470070516,20160801,,2,1,1,,,,,1
2499073159297778675,1470098720,20160801,,2,,2,,,,,1
9633499195063618864,1470073537,20160801,,2,1,2,,,,,1
8247388453936975366,1470065039,20160801,,2,1,1,,,,,1
8270598933384562992,1470070248,20160801,,2,1,2,,,,,1
0956308009791911590,1470112349,20160801,,2,,2,,,,,1
4361310420645778849,1470084967,20160801,1,2,1,1,,,,,1
4002784612033726366,1470074779,20160801,,2,1,2,,,,,1
5321880453602324370,1470118855,20160801,,2,1,2,,,,,1
1314991181138104250,1470080346,20160801,,2,1,2,,,,,1
9193725702802112646,1470099769,20160801,,2,1,2,,,,,1
5163629098760825850,1470109574,20160801,,2,1,2,,,,,1
3016447689917861550,1470078599,20160801,,2,1,2,,,,,1
2352141078371657771,1470105913,20160801,,2,1,2,,,,,1
3973062960912319313,1470042442,20160801,1,2,1,1,,,,,1
0512157711741253330,1470069654,20160801,,2,,2,,,,,1
0653204422850739130,1470098807,20160801,,2,,2,,,,,1
4578640586284138624,1470069452,20160801,,2,,2,,,,,1
9419417742240668408,1470098060,20160801,,2,1,2,,,,,1
8518736572243003083,1470082900,20160801,,2,1,2,,,,,1
993960800413367373,1470096465,20160801,,2,1,2,,,,,1
3511510906428386631,1470092775,20160801,,2,1,1,,,,,1
0382398254804709368,1470105023,20160801,,2,,2,,,,,1
4652287826732444235,1470084456,20160801,,2,,2,,,,,1
1314991181138104250,1470080370,20160801,,2,,2,,,,,1
796776238303447639,1470065289,20160801,,2,1,2,,,,,1
1865917130947753901,1470100503,20160801,,2,,2,,,,,1
6336201826525833700,1470090279,20160801,,2,1,2,,,,,1
138892769269044372,1470069744,20160801,,2,,2,,,,,1
7277518791167475151,1470102800,20160801,,3,1,3,,,,,1
828395773985392863,1470065206,20160801,,3,1,3,,,,,1
2876152756735198740,1470088855,20160801,,3,1,3,,,,,1
4689779080679225130,1470036782,20160801,,3,1,3,,,,,1
7251030907573266334,1470037296,20160801,,3,1,3,,,,,1
7444154001043657810,1470037733,20160801,,3,1,3,,,,,1
7052423402367562717,1470073138,20160801,,3,1,3,,,,,1
2171803015253400381,1470057414,20160801,,3,1,2,,,,,1
5685693302497646755,1470060396,20160801,,3,1,3,,,,,1
8247388453936975366,1470069458,20160801,,3,,3,,,,,1
997132598246769812,1470114440,20160801,,3,1,3,,,,,1
5705587814808849172,1470095558,20160801,,3,,3,,,,,1
5029127815473896624,1470112016,20160801,,3,,3,,,,,1
5029127815473896624,1470111757,20160801,,4,1,4,,,,,1
8471858690284145098,1470045091,20160801,,4,,4,,,,,1
3595188488911460764,1470108989,20160801,,4,1,4,,,,,1
8668489339541549732,1470053583,20160801,,4,1,4,,,,,1
6960772894161809181,1470087103,20160801,,4,,4,,,,,1
7890522790605033993,1470061182,20160801,,4,,4,,,,,1
6459195852049791924,1470091189,20160801,,4,1,4,,,,,1
8468695172709026797,1470103610,20160801,,4,1,4,,,,,1
569919312322220284,1470081085,20160801,,4,1,4,,,,,1
745534609687650923,1470085647,20160801,,4,1,4,,,,,1
6376223275078772334,1470084904,20160801,,4,1,2,,,,,1
1264182354008543726,1470042721,20160801,,4,1,4,,,,,1
7890522790605033993,1470075648,20160801,,4,,4,,,,,1
9816358211063157772,1470117479,20160801,,4,1,4,,,,,1
7800303982720483965,1470053196,20160801,,3,1,2,,,,,1
2138249057628555204,1470084086,20160801,,3,1,2,,,,,1
0873351456661694382,1470047594,20160801,,3,1,2,,,,,1
4724014961050797892,1470078681,20160801,,3,1,2,,,,,1
1099720071861739539,1470069463,20160801,,3,1,2,,,,,1
8396702305614208899,1470081963,20160801,,3,1,2,,,,,1
6841939359011858096,1470078738,20160801,,3,1,2,,,,,1
3608695950774348121,1470079331,20160801,,3,1,2,,,,,1
5631523229004229049,1470088591,20160801,,3,,2,,,,,1
7377104901113732837,1470091216,20160801,,3,1,2,,,,,1
685093856498901260,1470054005,20160801,,3,1,3,,,,,1
2571352945100828274,1470063270,20160801,,3,1,2,,,,,1
6492137813042219373,1470096888,20160801,,3,,2,,,,,1
2763373019862944348,1470071373,20160801,,3,1,2,,,,,1
2639618936246660179,1470089984,20160801,,3,1,2,,,,,1
45363752238647523,1470101395,20160801,,3,1,2,,,,,1
9470014125434090142,1470069691,20160801,,3,1,2,,,,,1
5560196043019883828,1470094244,20160801,,3,1,2,,,,,1
8825210033101874099,1470087082,20160801,,3,1,2,,,,,1
8707130821694195643,1470108494,20160801,,3,1,2,,,,,1
2385129494834692962,1470103258,20160801,,3,1,2,,,,,1
1112507988105512057,1470068255,20160801,,2,1,2,,,,,1
5783524644793849340,1470066797,20160801,,2,1,2,,,,,1
9755167464612856206,1470061316,20160801,,2,1,2,,,,,1
8821893673728116223,1470077415,20160801,,2,1,2,,,,,1
7030817022153386326,1470076368,20160801,,2,,2,,,,,1
8561301111881514700,1470077767,20160801,,2,1,2,,,,,1
3912300160509220549,1470067815,20160801,,2,,2,,,,,1
0048779526424910845,1470080110,20160801,,2,1,2,,,,,1
8535591044733210611,1470090868,20160801,,2,1,2,,,,,1
1233984196205205270,1470065727,20160801,,2,1,2,,,,,1
0890114017350413002,1470077198,20160801,,2,1,2,,,,,1
3373969394465125539,1470114613,20160801,,2,1,2,,,,,1
1626716998556233354,1470085237,20160801,,2,1,2,,,,,1
5622119904627470425,1470071690,20160801,,2,,2,,,,,1
2767352754546074856,1470078609,20160801,,2,1,2,,,,,1
1159303959044958896,1470059265,20160801,,2,,2,,,,,1
2898891108701526100,1470106615,20160801,,2,1,2,,,,,1
7298538238612725446,1470093498,20160801,,2,1,2,,,,,1
6792260745822342947,1470094347,20160801,,2,,2,,,,,1
2311098311158255548,1470092455,20160801,,2,,2,,,,,1
5646573463881087411,1470079677,20160801,,2,1,2,,,,,1
6421790496910689049,1470094543,20160801,,2,1,2,,,,,1
8809191887069011645,1470061290,20160801,,2,1,2,,,,,1
3543950983119207807,1470092646,20160801,,2,,2,,,,,1
7374313930793992626,1470076958,20160801,,2,1,2,,,,,1
9134477516832920376,1470100134,20160801,,2,1,2,,,,,1
5446299164547357031,1470080409,20160801,,2,1,2,,,,,1
4531795194219180142,1470071305,20160801,,2,1,2,,,,,1
5667050321723560954,1470039056,20160801,,2,1,2,,,,,1
8710571720716016076,1470060181,20160801,,2,,2,,,,,1
2615752151504666061,1470074433,20160801,,2,1,2,,,,,1
8449642504674588327,1470118233,20160801,,2,1,2,,,,,1
0064274440515862565,1470059347,20160801,,2,1,2,,,,,1
747199723663626460,1470110318,20160801,,2,1,2,,,,,1
0429222405901537951,1470035832,20160801,,2,1,2,,,,,1
6634595899244493358,1470094690,20160801,,2,1,2,,,,,1
6378885939141116855,1470079023,20160801,,2,1,2,,,,,1
4433017212064092643,1470073961,20160801,,2,1,2,,,,,1
5999345907278885362,1470073544,20160801,,2,1,2,,,,,1
1065380313069897838,1470041491,20160801,,2,1,2,,,,,1
9035777218447200091,1470080050,20160801,,2,1,2,,,,,1
38176613026658222,1470081705,20160801,,2,1,2,,,,,1
0482426092828914711,1470102733,20160801,,2,,2,,,,,1
5177274155761679569,1470084738,20160801,,2,1,2,,,,,1
1064142968276574826,1470068796,20160801,,2,1,2,,,,,1
4530047399880276145,1470087676,20160801,,2,,2,,,,,1
0063860542745733558,1470111660,20160801,,2,1,2,,,,,1
5692660940241926694,1470067387,20160801,,2,,2,,,,,1
1231590494443171080,1470066991,20160801,,2,1,2,,,,,1
0888352802978309784,1470078763,20160801,,2,,1,,,,,1
2832065648026954185,1470087024,20160801,1,1,1,1,,,,,1
9310825606289562783,1470068588,20160801,1,1,,1,,,,,1
6137206948447331806,1470075835,20160801,1,1,,1,,,,,1
394725225045196314,1470087189,20160801,1,1,1,1,,,,,1
3085396425650556598,1470090192,20160801,1,1,1,1,,,,,1
2775333805699294537,1470054522,20160801,1,1,,1,,,,,1
37731001180252335,1470079968,20160801,1,1,1,1,,,,,1
9617033484006686914,1470087253,20160801,1,1,,1,,,,,1
1613869085928837147,1470102678,20160801,1,1,,1,,,,,1
2372648582928449946,1470076586,20160801,1,1,1,1,,,,,1
4309210728912777629,1470101590,20160801,1,1,,1,,,,,1
1112507988105512057,1470102378,20160801,1,1,,1,,,,,1
9023992206371203986,1470035833,20160801,1,1,1,1,,,,,1
5783524644793849340,1470075944,20160801,1,1,,1,,,,,1
3065316533128123013,1470120951,20160801,1,1,1,1,,,,,1
5551132834939072500,1470119089,20160801,1,1,1,1,,,,,1
336637157127346441,1470057202,20160801,1,1,1,1,,,,,1
3884550482186951789,1470098610,20160801,1,1,,1,,,,,1
2952540151895889972,1470043013,20160801,1,1,1,1,,,,,1
164790502418196843,1470066064,20160801,1,1,,1,,,,,1
7747069196916153269,1470087896,20160801,1,1,,1,,,,,1
0913838758061745699,1470109461,20160801,1,1,1,1,,,,,1
7658202405445752414,1470083689,20160801,1,1,,1,,,,,1
5882258963347216049,1470041604,20160801,1,1,,1,,,,,1
5121453966155985426,1470087025,20160801,1,1,,1,,,,,1
6932408648900988870,1470066323,20160801,1,1,,1,,,,,1
1784134512217740615,1470093036,20160801,1,1,1,1,,,,,1
1492217702561732960,1470092775,20160801,1,1,,1,,,,,1
1276631666870427430,1470046044,20160801,1,1,,1,,,,,1
3668803711162394702,1470075236,20160801,1,1,,1,,,,,1
6515694903160268646,1470063319,20160801,1,1,,1,,,,,1
4022857277036921576,1470117922,20160801,1,1,1,1,,,,,1
7612201596061421982,1470043225,20160801,1,1,1,1,,,,,1
9085218887779640980,1470070048,20160801,1,1,,1,,,,,1
6345117059388722625,1470087214,20160801,1,1,1,1,,,,,1
519362431810205197,1470089967,20160801,1,1,,1,,,,,1
2047874584272208283,1470078664,20160801,1,1,,1,,,,,1
0306141257002185315,1470037989,20160801,1,1,,1,,,,,1
519362431810205197,1470070230,20160801,1,1,1,1,,,,,1
519362431810205197,1470073125,20160801,1,1,,1,,,,,1
4938551206840866311,1470091285,20160801,1,1,1,1,,,,,1
3547717276163025378,1470096848,20160801,1,1,,1,,,,,1
4049241184747238128,1470083355,20160801,1,1,1,1,,,,,1
1790111996914676794,1470094037,20160801,1,1,1,1,,,,,1
4428007861318670062,1470064296,20160801,1,1,1,1,,,,,1
4688685219584517293,1470041583,20160801,1,1,1,1,,,,,1
5793852641351150725,1470069471,20160801,1,1,,1,,,,,1
1921805901720598269,1470052813,20160801,1,1,,1,,,,,1
9710270530499631126,1470068231,20160801,1,1,1,1,,,,,1
8086030903283426090,1470047623,20160801,1,1,1,1,,,,,1
1754009007608510350,1470060212,20160801,1,1,1,1,,,,,1
2681867759702029281,1470053938,20160801,1,1,1,1,,,,,1
0155570241519455322,1470109197,20160801,1,1,1,1,,,,,1
1053828258793597684,1470081401,20160801,1,1,1,1,,,,,1
1039630068425575442,1470085706,20160801,1,1,1,1,,,,,1
039671683621540641,1470111954,20160801,1,1,,1,,,,,1
5151716725909959249,1470077954,20160801,1,1,1,1,,,,,1
7624290805116034111,1470085661,20160801,1,1,1,1,,,,,1
0019983046037497243,1470066508,20160801,1,1,1,1,,,,,1
7092069472105480996,1470109720,20160801,1,1,1,1,,,,,1
2622820320799122480,1470057061,20160801,1,1,1,1,,,,,1
1739823917347946740,1470065765,20160801,1,1,,1,,,,,1
4761242402881888193,1470101753,20160801,1,1,1,1,,,,,1
4773809469941024206,1470086465,20160801,1,1,1,1,,,,,1
1219325807742188295,1470056027,20160801,1,1,,1,,,,,1
1024751686551205649,1470072774,20160801,1,1,,1,,,,,1
2550774479005599333,1470077683,20160801,1,1,1,1,,,,,1
91490237172189168,1470069687,20160801,1,1,1,1,,,,,1
0690923971950364732,1470043926,20160801,1,1,1,1,,,,,1
0877821095982571303,1470065859,20160801,1,1,,1,,,,,1
0239608205717854090,1470093515,20160801,1,1,1,1,,,,,1
1921805901720598269,1470064327,20160801,1,1,,1,,,,,1
0203986763041661843,1470040405,20160801,1,1,1,1,,,,,1
4460407620777269094,1470116609,20160801,1,1,1,1,,,,,1
4675639381576467176,1470078360,20160801,1,1,1,1,,,,,1
7774603505558745741,1470054094,20160801,1,1,,1,,,,,1
1749010407044905351,1470065509,20160801,1,1,,1,,,,,1
0944623283834094827,1470055394,20160801,1,1,1,1,,,,,1
8003180095462219875,1470065482,20160801,1,1,,1,,,,,1
7629784540272591367,1470051008,20160801,1,1,,1,,,,,1
2826190005354069899,1470055686,20160801,1,1,1,1,,,,,1
0423043652415339154,1470034812,20160801,1,1,,1,,,,,1
2982415081129763534,1470052773,20160801,1,1,,1,,,,,1
3918922672011504821,1470067326,20160801,1,1,,1,,,,,1
7105897662777519249,1470043640,20160801,1,1,1,1,,,,,1
6248742189359702187,1470063888,20160801,1,1,,1,,,,,1
7416565604470087079,1470104633,20160801,1,1,,1,,,,,1
3608475193341679870,1470109494,20160801,1,1,,1,,,,,1
6248742189359702187,1470074719,20160801,1,1,,1,,,,,1
1749010407044905351,1470097795,20160801,1,1,,1,,,,,1
2430496949275205085,1470094609,20160801,1,1,,1,,,,,1
869096201147438807,1470119954,20160801,1,1,,1,,,,,1
